ip,server,datetime_gride,campaign_id,sent_per_ip,r_sent_per_ip,limit_per_ip,offset,previous_sent_per_ip,volume_change,growth_rate,cumulative_sent_per_ip,daily_cumulative_sent_per_ip,daily_volume,volume_per_drop,sent_ratio,limit_usage_ratio,drops_per_day,time_gap_min,days_since_launch,hour,day_of_week,error_flag,spf_error,dkim_error,netblock_error,error_count_last_24h,blocked_before,is_high_growth,is_high_pressure,is_low_performance,risk_label,risk_label_encoded,predicted_risk_label_encoded,predicted_risk_label,spf_error_probability,predicted_spf_error,dkim_error_probability,predicted_dkim_error,netblock_error_probability,predicted_netblock_error,total_rows,active_days,max_volume,avg_sent_ratio,avg_growth_rate,max_netblock_probability,max_spf_probability,max_dkim_probability,risky_rows,dangerous_rows,recommended_initial_volume,recommended_growth_rate,recommended_drops_per_day,recommended_time_gap_min,recommended_max_safe_volume,final_decision,severity,main_reason,recommended_action,suggested_drops_per_day,suggested_growth_rate,suggested_time_gap_min,blocking_probability,xai_top_feature_1,xai_top_feature_1_contribution,xai_top_feature_2,xai_top_feature_2_contribution,xai_top_feature_3,xai_top_feature_3_contribution
194.54.185.172,s_cmh15_654,2026-04-12 04:27:10,25599235,6301,6301,6301,186030,6301,0,0.0,43568,43568,43568,5446.0,1.0,1.0,8,24.97,0,4,6,0,0,0,0,0,0,0,1,0,Risk,1,1,Risk,0.0,0,3.9027530246532056e-08,0,0.0,0,8,1,6301,0.92425,0.2528036615512422,0.0,0.0,3.9027530246532056e-08,7,1,5701,0.0,8,0,0,Slow Down Growth,MEDIUM,The latest model prediction classifies this IP as Risk.,Decrease growth rate and increase time gap. Avoid aggressive warm-up.,8,0.0,60.0,0.0,limit_usage_ratio,1.0,dkim_error_probability,0.0,growth_rate,0.0
194.54.185.183,s_cmh15_654,2026-04-12 04:27:10,25599235,6301,6301,6301,186030,6301,0,0.0,43568,43568,43568,5446.0,1.0,1.0,8,24.97,0,4,6,0,0,0,0,0,0,0,1,0,Risk,1,1,Risk,0.0,0,3.9027530246532056e-08,0,0.0,0,8,1,6301,1.0,0.2528036615512422,0.0,0.0,3.9027530246532056e-08,7,0,5701,0.0,8,0,0,Slow Down Growth,MEDIUM,The latest model prediction classifies this IP as Risk.,Decrease growth rate and increase time gap. Avoid aggressive warm-up.,8,0.0,60.0,0.0,limit_usage_ratio,1.0,dkim_error_probability,0.0,growth_rate,0.0
194.54.185.171,s_cmh15_654,2026-04-12 04:27:10,25599235,6301,0,6301,186030,6301,0,0.0,43569,43569,43569,5446.12,0.0,1.0,8,24.97,0,4,6,1,0,0,0,0,0,0,1,1,Dangerous,2,2,Dangerous,0.0,0,3.9027530246532056e-08,0,0.0,0,8,1,6301,0.507375,0.25254858924961326,0.0,0.0,3.9027530246532056e-08,7,4,5701,0.0,7,0,12,Reduce Volume,HIGH,The latest model prediction classifies this IP as Dangerous.,"Reduce daily volume immediately, stop growth, and keep the IP stable until risk decreases.",15,0.0,75.0,0.0,limit_usage_ratio,1.0,sent_ratio,1.0,dkim_error_probability,0.0
194.54.185.189,s_cmh15_654,2026-04-12 04:27:10,25599235,6301,6301,6301,186030,6301,0,0.0,43568,43568,43568,5446.0,1.0,1.0,8,24.97,0,4,6,0,0,0,0,0,0,0,1,0,Risk,1,1,Risk,0.0,0,3.9027530246532056e-08,0,0.0,0,8,1,6301,1.0,0.2528036615512422,0.0,0.0,3.9027530246532056e-08,7,0,5701,0.0,8,0,0,Slow Down Growth,MEDIUM,The latest model prediction classifies this IP as Risk.,Decrease growth rate and increase time gap. Avoid aggressive warm-up.,8,0.0,60.0,0.0,limit_usage_ratio,1.0,dkim_error_probability,0.0,growth_rate,0.0
194.54.185.185,s_cmh15_654,2026-04-12 04:27:10,25599235,6301,6301,6301,186030,6301,0,0.0,43568,43568,43568,5446.0,1.0,1.0,8,24.97,0,4,6,0,0,0,0,0,0,0,1,0,Risk,1,1,Risk,0.0,0,3.9027530246532056e-08,0,0.0,0,8,1,6301,1.0,0.2528036615512422,0.0,0.0,3.9027530246532056e-08,7,0,5701,0.0,8,0,0,Slow Down Growth,MEDIUM,The latest model prediction classifies this IP as Risk.,Decrease growth rate and increase time gap. Avoid aggressive warm-up.,8,0.0,60.0,0.0,limit_usage_ratio,1.0,dkim_error_probability,0.0,growth_rate,0.0
194.54.185.188,s_cmh15_654,2026-04-12 04:27:10,25599235,6301,6301,6301,186030,6301,0,0.0,43568,43568,43568,5446.0,1.0,1.0,8,24.97,0,4,6,0,0,0,0,0,0,0,1,0,Risk,1,1,Risk,0.0,0,3.9027530246532056e-08,0,0.0,0,8,1,6301,1.0,0.2528036615512422,0.0,0.0,3.9027530246532056e-08,7,0,5701,0.0,8,0,0,Slow Down Growth,MEDIUM,The latest model prediction classifies this IP as Risk.,Decrease growth rate and increase time gap. Avoid aggressive warm-up.,8,0.0,60.0,0.0,limit_usage_ratio,1.0,dkim_error_probability,0.0,growth_rate,0.0
194.54.185.184,s_cmh15_654,2026-04-12 04:27:10,25599235,6301,6301,6301,186030,6301,0,0.0,43568,43568,43568,5446.0,1.0,1.0,8,24.97,0,4,6,1,0,0,0,0,0,0,1,0,Risk,1,1,Risk,0.0,0,3.9027530246532056e-08,0,0.0,0,8,1,6301,1.0,0.2528036615512422,0.0,0.0,3.9027530246532056e-08,7,0,5701,0.0,8,0,0,Slow Down Growth,MEDIUM,The latest model prediction classifies this IP as Risk.,Decrease growth rate and increase time gap. Avoid aggressive warm-up.,8,0.0,60.0,0.0,limit_usage_ratio,1.0,dkim_error_probability,0.0,growth_rate,0.0
194.54.185.179,s_cmh15_654,2026-04-12 04:27:10,25599235,6301,6301,6301,186030,6301,0,0.0,43568,43568,43568,5446.0,1.0,1.0,8,24.97,0,4,6,0,0,0,0,0,0,0,1,0,Risk,1,1,Risk,0.0,0,3.9027530246532056e-08,0,0.0,0,8,1,6301,1.000125,0.2528036615512422,0.0,0.0,3.9027530246532056e-08,7,0,5701,0.0,8,0,0,Slow Down Growth,MEDIUM,The latest model prediction classifies this IP as Risk.,Decrease growth rate and increase time gap. Avoid aggressive warm-up.,8,0.0,60.0,0.0,limit_usage_ratio,1.0,dkim_error_probability,0.0,growth_rate,0.0
194.54.185.180,s_cmh15_654,2026-04-12 04:27:10,25599235,6301,6301,6301,186030,6301,0,0.0,43568,43568,43568,5446.0,1.0,1.0,8,24.97,0,4,6,0,0,0,0,0,0,0,1,0,Risk,1,1,Risk,0.0,0,3.9027530246532056e-08,0,0.0,0,8,1,6301,1.0,0.2528036615512422,0.0,0.0,3.9027530246532056e-08,7,0,5701,0.0,8,0,0,Slow Down Growth,MEDIUM,The latest model prediction classifies this IP as Risk.,Decrease growth rate and increase time gap. Avoid aggressive warm-up.,8,0.0,60.0,0.0,limit_usage_ratio,1.0,dkim_error_probability,0.0,growth_rate,0.0
194.54.185.181,s_cmh15_654,2026-04-12 04:27:10,25599235,6301,6301,6301,186030,6301,0,0.0,43568,43568,43568,5446.0,1.0,1.0,8,24.97,0,4,6,1,0,0,0,0,0,0,1,0,Risk,1,1,Risk,0.0,0,3.9027530246532056e-08,0,0.0,0,8,1,6301,1.0,0.2528036615512422,0.0,0.0,3.9027530246532056e-08,7,0,5701,0.0,8,0,0,Slow Down Growth,MEDIUM,The latest model prediction classifies this IP as Risk.,Decrease growth rate and increase time gap. Avoid aggressive warm-up.,8,0.0,60.0,0.0,limit_usage_ratio,1.0,dkim_error_probability,0.0,growth_rate,0.0
194.54.185.182,s_cmh15_654,2026-04-12 04:27:10,25599235,6301,6301,6301,186030,6301,0,0.0,43568,43568,43568,5446.0,1.0,1.0,8,24.97,0,4,6,1,0,0,0,0,0,0,1,0,Risk,1,1,Risk,0.0,0,3.9027530246532056e-08,0,0.0,0,8,1,6301,1.0,0.2528036615512422,0.0,0.0,3.9027530246532056e-08,7,0,5701,0.0,8,0,0,Slow Down Growth,MEDIUM,The latest model prediction classifies this IP as Risk.,Decrease growth rate and increase time gap. Avoid aggressive warm-up.,8,0.0,60.0,0.0,limit_usage_ratio,1.0,dkim_error_probability,0.0,growth_rate,0.0
194.54.185.173,s_cmh15_654,2026-04-12 04:27:10,25599235,6301,6301,6301,186030,6301,0,0.0,43568,43568,43568,5446.0,1.0,1.0,8,24.97,0,4,6,0,0,0,0,0,0,0,1,0,Risk,1,1,Risk,0.0,0,3.9027530246532056e-08,0,0.0,0,8,1,6301,1.000125,0.2528036615512422,0.0,0.0,3.9027530246532056e-08,7,0,5701,0.0,8,0,0,Slow Down Growth,MEDIUM,The latest model prediction classifies this IP as Risk.,Decrease growth rate and increase time gap. Avoid aggressive warm-up.,8,0.0,60.0,0.0,limit_usage_ratio,1.0,dkim_error_probability,0.0,growth_rate,0.0
194.54.185.177,s_cmh15_654,2026-04-12 04:27:10,25599235,6301,2117,6301,186030,6301,0,0.0,43568,43568,43568,5446.0,0.336,1.0,8,24.97,0,4,6,1,0,0,0,1,0,0,1,1,Dangerous,2,2,Dangerous,0.0,0,3.9027530246532056e-08,0,0.0,0,8,1,6301,0.792125,0.2528036615512422,0.0,0.0,3.9027530246532056e-08,7,2,5702,0.0,8,0,0,Reduce Volume,HIGH,The latest model prediction classifies this IP as Dangerous.,"Reduce daily volume immediately, stop growth, and keep the IP stable until risk decreases.",15,0.0,75.0,0.0,limit_usage_ratio,1.0,sent_ratio,0.664,dkim_error_probability,0.0
194.54.185.187,s_cmh15_654,2026-04-12 04:27:10,25599235,6301,6301,6301,186030,6301,0,0.0,43568,43568,43568,5446.0,1.0,1.0,8,24.97,0,4,6,0,0,0,0,0,0,0,1,0,Risk,1,1,Risk,0.0,0,3.9027530246532056e-08,0,0.0,0,8,1,6301,1.0,0.2528036615512422,0.0,0.0,3.9027530246532056e-08,7,0,5701,0.0,8,0,0,Slow Down Growth,MEDIUM,The latest model prediction classifies this IP as Risk.,Decrease growth rate and increase time gap. Avoid aggressive warm-up.,8,0.0,60.0,0.0,limit_usage_ratio,1.0,dkim_error_probability,0.0,growth_rate,0.0
194.54.185.178,s_cmh15_654,2026-04-12 04:27:10,25599235,6301,6301,6301,186030,6301,0,0.0,43568,43568,43568,5446.0,1.0,1.0,8,24.97,0,4,6,0,0,0,0,0,0,0,1,0,Risk,1,1,Risk,0.0,0,3.9027530246532056e-08,0,0.0,0,8,1,6301,1.000125,0.2528036615512422,0.0,0.0,3.9027530246532056e-08,7,0,5701,0.0,8,0,0,Slow Down Growth,MEDIUM,The latest model prediction classifies this IP as Risk.,Decrease growth rate and increase time gap. Avoid aggressive warm-up.,8,0.0,60.0,0.0,limit_usage_ratio,1.0,dkim_error_probability,0.0,growth_rate,0.0
144.31.84.7,s_cmh9_5698,2026-04-12 19:35:21,25623184,24000,24000,24000,168000,24000,0,0.0,72000,72000,72000,24000.0,1.0,1.0,3,299.63,0,19,6,1,0,1,0,0,0,0,1,0,Risk,1,1,Risk,0.0,0,3.9027530246532056e-08,0,0.0,0,3,1,24000,1.0,0.0,0.0,0.0,3.9027530246532056e-08,3,0,5016,0.0142,2,10,14925,Slow Down Growth,MEDIUM,The latest model prediction classifies this IP as Risk.,Decrease growth rate and increase time gap. Avoid aggressive warm-up.,2,0.0142,60.0,0.0,limit_usage_ratio,1.0,dkim_error_probability,0.0,growth_rate,0.0
144.31.139.61,s_cmh9_5698,2026-04-12 20:37:19,25625479,12563,12563,24000,285000,24000,-11437,-0.4765416666666666,262413,262413,262413,20185.62,1.0,0.523,13,30.0,0,20,6,1,0,0,0,1,0,0,0,0,Safe,0,0,Safe,0.0,0,3.9027530246532056e-08,0,0.0,0,13,1,24000,1.0,0.4408883761266687,0.0,0.0,3.989953809898281e-08,10,0,5691,0.0143,8,9,16001,Continue Sending,LOW,IP is currently inside the safe operating zone.,Continue current strategy with slow controlled growth.,8,0.0143,9.0,0.0,growth_rate,0.7942,limit_usage_ratio,0.523,dkim_error_probability,0.0
144.31.117.123,s_cmh9_5698,2026-04-12 20:37:19,25625479,12563,12564,24000,285000,24000,-11437,-0.4765416666666666,262413,262413,262413,20185.62,1.0,0.523,13,30.0,0,20,6,1,0,0,0,2,0,0,0,0,Risk,1,0,Safe,0.0,0,3.9027530246532056e-08,0,0.0,0,13,1,24000,0.9998461538461539,0.4408883761266687,0.0,0.0,3.989953809898281e-08,10,0,5691,0.0143,8,9,16001,Continue Sending,LOW,IP is currently inside the safe operating zone.,Continue current strategy with slow controlled growth.,8,0.0143,9.0,0.0,growth_rate,0.7942,limit_usage_ratio,0.523,dkim_error_probability,0.0
144.31.138.131,s_cmh9_5698,2026-04-12 20:37:19,25625479,12563,12564,24000,285000,24000,-11437,-0.4765416666666666,262413,262413,262413,20185.62,1.0,0.523,13,30.0,0,20,6,0,0,0,0,2,0,0,0,0,Risk,1,0,Safe,0.0,0,3.9027530246532056e-08,0,0.0,0,13,1,24000,1.0,0.4408883761266687,0.0,0.0,3.989953809898281e-08,10,0,5691,0.0143,8,9,16001,Continue Sending,LOW,IP is currently inside the safe operating zone.,Continue current strategy with slow controlled growth.,8,0.0143,9.0,0.0,growth_rate,0.7942,limit_usage_ratio,0.523,dkim_error_probability,0.0
144.31.117.11,s_cmh9_5698,2026-04-12 20:37:19,25625479,12564,12564,24000,285000,24000,-11436,-0.4765,262415,262415,262415,20185.77,1.0,0.524,13,30.0,0,20,6,0,0,0,0,1,0,0,0,0,Safe,0,0,Safe,0.0,0,3.9027530246532056e-08,0,0.0,0,13,1,24000,0.9261538461538461,0.44082862739074796,0.0,0.0,3.989953809898281e-08,10,1,5591,0.0142,9,8,24807,Continue Sending,LOW,IP is currently inside the safe operating zone.,Continue current strategy with slow controlled growth.,9,0.0142,8.0,0.0,growth_rate,0.7942,limit_usage_ratio,0.524,dkim_error_probability,0.0
144.31.139.217,s_cmh9_5698,2026-04-12 20:37:19,25625479,12563,12563,24000,285000,24000,-11437,-0.4765416666666666,262413,262413,262413,20185.62,1.0,0.523,13,30.0,0,20,6,0,0,0,0,1,0,0,0,0,Safe,0,0,Safe,0.0,0,3.9027530246532056e-08,0,0.0,0,13,1,24000,1.0,0.4408883761266687,0.0,0.0,3.989953809898281e-08,10,0,5691,0.0143,8,9,16001,Continue Sending,LOW,IP is currently inside the safe operating zone.,Continue current strategy with slow controlled growth.,8,0.0143,9.0,0.0,growth_rate,0.7942,limit_usage_ratio,0.523,dkim_error_probability,0.0
144.31.117.98,s_cmh9_5698,2026-04-12 20:37:19,25625479,12564,12564,24000,285000,24000,-11436,-0.4765,262415,262415,262415,20185.77,1.0,0.524,13,30.0,0,20,6,0,0,0,0,1,0,0,0,0,Safe,0,0,Safe,0.0,0,3.9027530246532056e-08,0,0.0,0,13,1,24000,1.0,0.44082862739074796,0.0,0.0,3.989953809898281e-08,10,0,5691,0.0143,8,9,16001,Continue Sending,LOW,IP is currently inside the safe operating zone.,Continue current strategy with slow controlled growth.,8,0.0143,9.0,0.0,growth_rate,0.7942,limit_usage_ratio,0.524,dkim_error_probability,0.0
144.31.117.149,s_cmh9_5698,2026-04-12 20:37:19,25625479,12563,12564,24000,285000,24000,-11437,-0.4765416666666666,262413,262413,262413,20185.62,1.0,0.523,13,30.0,0,20,6,0,0,0,0,2,0,0,0,0,Risk,1,0,Safe,0.0,0,3.9027530246532056e-08,0,0.0,0,13,1,24000,0.9999230769230769,0.4408883761266687,0.0,0.0,3.989953809898281e-08,10,0,5691,0.0143,8,9,16001,Continue Sending,LOW,IP is currently inside the safe operating zone.,Continue current strategy with slow controlled growth.,8,0.0143,9.0,0.0,growth_rate,0.7942,limit_usage_ratio,0.523,dkim_error_probability,0.0
198.12.123.228,s_cmh6_5940,2026-04-12 23:42:21,25631520,15000,0,15000,0,6041,8959,1.4830326104949512,59704,59704,59704,5970.4,0.0,1.0,10,31.47,0,23,6,1,0,0,0,0,0,1,1,1,Dangerous,2,2,Dangerous,0.0,0,3.9027530246532056e-08,0,0.0,0,10,1,15000,0.7003,0.7056143256362278,0.01,0.01,3.9027530246532056e-08,9,3,5662,0.0065,9,8,24545,Reduce Volume,HIGH,The latest model prediction classifies this IP as Dangerous.,"Reduce daily volume immediately, stop growth, and keep the IP stable until risk decreases.",15,0.0065,75.0,0.0,growth_rate,1.0,limit_usage_ratio,1.0,sent_ratio,1.0
198.12.123.234,s_cmh6_5940,2026-04-12 23:42:21,25631520,15000,0,15000,0,6041,8959,1.4830326104949512,59703,59703,59703,5970.3,0.0,1.0,10,31.47,0,23,6,1,0,0,0,0,0,1,1,1,Dangerous,2,2,Dangerous,0.0,0,3.9027530246532056e-08,0,0.0,0,10,1,15000,0.9001999999999999,0.7056142829844576,0.0,0.0,3.9027530246532056e-08,9,1,5661,0.0065,9,8,24547,Reduce Volume,HIGH,The latest model prediction classifies this IP as Dangerous.,"Reduce daily volume immediately, stop growth, and keep the IP stable until risk decreases.",15,0.0065,75.0,0.0,growth_rate,1.0,limit_usage_ratio,1.0,sent_ratio,1.0
198.12.123.229,s_cmh6_5940,2026-04-12 23:42:21,25631520,15000,0,15000,0,6041,8959,1.4830326104949512,59703,59703,59703,5970.3,0.0,1.0,10,31.47,0,23,6,1,0,0,0,0,0,1,1,1,Dangerous,2,2,Dangerous,0.0,0,3.9027530246532056e-08,0,0.0,0,10,1,15000,0.7202999999999999,0.7056142829844576,0.0,0.0,3.9027530246532056e-08,9,3,5661,0.0065,9,8,24545,Reduce Volume,HIGH,The latest model prediction classifies this IP as Dangerous.,"Reduce daily volume immediately, stop growth, and keep the IP stable until risk decreases.",15,0.0065,75.0,0.0,growth_rate,1.0,limit_usage_ratio,1.0,sent_ratio,1.0
198.12.123.235,s_cmh6_5940,2026-04-12 23:42:21,25631520,15000,0,15000,0,6041,8959,1.4830326104949512,59703,59703,59703,5970.3,0.0,1.0,10,31.47,0,23,6,1,0,0,0,0,0,1,1,1,Dangerous,2,2,Dangerous,0.0,0,3.9027530246532056e-08,0,0.0,0,10,1,15000,0.9001999999999999,0.7056142829844576,0.0,0.0,3.9027530246532056e-08,9,1,5661,0.0065,9,8,24547,Reduce Volume,HIGH,The latest model prediction classifies this IP as Dangerous.,"Reduce daily volume immediately, stop growth, and keep the IP stable until risk decreases.",15,0.0065,75.0,0.0,growth_rate,1.0,limit_usage_ratio,1.0,sent_ratio,1.0
198.12.123.230,s_cmh6_5940,2026-04-12 23:42:21,25631520,15000,0,15000,0,6041,8959,1.4830326104949512,59703,59703,59703,5970.3,0.0,1.0,10,31.47,0,23,6,1,0,0,0,0,0,1,1,1,Dangerous,2,2,Dangerous,0.0,0,3.9027530246532056e-08,0,0.0,0,10,1,15000,0.8623,0.7056142829844576,0.0,0.0,3.9027530246532056e-08,9,1,5661,0.0065,9,8,24547,Reduce Volume,HIGH,The latest model prediction classifies this IP as Dangerous.,"Reduce daily volume immediately, stop growth, and keep the IP stable until risk decreases.",15,0.0065,75.0,0.0,growth_rate,1.0,limit_usage_ratio,1.0,sent_ratio,1.0
51.75.165.100,s_cmh2_6145,2026-04-12 23:59:18,25631903,3000,3001,3000,6412,0,3000,0.0,3000,3000,3000,3000.0,1.0,1.0,1,0.0,0,23,6,0,0,0,0,0,0,0,1,0,Risk,1,1,Risk,0.0,0,3.9027530246532056e-08,0,0.0,0,1,1,3000,1.0,0.0,0.0,0.0,3.9027530246532056e-08,1,0,3000,0.0,2,0,1,Slow Down Growth,MEDIUM,The latest model prediction classifies this IP as Risk.,Decrease growth rate and increase time gap. Avoid aggressive warm-up.,2,0.0,60.0,0.0,limit_usage_ratio,1.0,dkim_error_probability,0.0,growth_rate,0.0
51.75.165.108,s_cmh2_6145,2026-04-12 23:59:18,25631903,3000,3001,3000,6412,0,3000,0.0,3000,3000,3000,3000.0,1.0,1.0,1,0.0,0,23,6,0,0,0,0,0,0,0,1,0,Risk,1,1,Risk,0.0,0,3.9027530246532056e-08,0,0.0,0,1,1,3000,1.0,0.0,0.0,0.0,3.9027530246532056e-08,1,0,3000,0.0,2,0,1,Slow Down Growth,MEDIUM,The latest model prediction classifies this IP as Risk.,Decrease growth rate and increase time gap. Avoid aggressive warm-up.,2,0.0,60.0,0.0,limit_usage_ratio,1.0,dkim_error_probability,0.0,growth_rate,0.0
69.162.64.210,s_cmh11_1388,2026-04-13 00:01:20,25631944,6200,6202,21700,0,5649,551,0.0975393875022127,47820,6200,6200,6200.0,1.0,0.286,1,30.0,0,0,0,0,0,0,0,0,0,0,0,0,Safe,0,0,Safe,0.0,0,3.9027530246532056e-08,0,0.0,0,9,2,6200,1.0,0.029420851155361312,0.0,0.0,3.9027530246532056e-08,0,0,4760,0.032,7,10,16704,Continue Sending,LOW,IP is currently inside the safe operating zone.,Continue current strategy with slow controlled growth.,7,0.032,10.0,0.0,limit_usage_ratio,0.286,growth_rate,0.1626,dkim_error_probability,0.0
69.162.64.214,s_cmh11_1388,2026-04-13 00:01:20,25631944,6200,6201,21700,0,5648,552,0.0977337110481586,28198,6200,6200,6200.0,1.0,0.286,1,30.0,0,0,0,0,0,0,0,0,0,0,0,0,Safe,0,0,Safe,0.0,0,3.9027530246532056e-08,0,0.0,0,5,2,6200,1.0,0.036511877348113064,0.0,0.0,3.9027530246532056e-08,0,0,5085,0.0365,6,10,16483,Continue Sending,LOW,IP is currently inside the safe operating zone.,Continue current strategy with slow controlled growth.,6,0.0365,10.0,0.0,limit_usage_ratio,0.286,growth_rate,0.1629,dkim_error_probability,0.0
198.12.123.239,s_cmh6_5940,2026-04-13 10:37:19,25642941,22293,0,22500,150000,10270,12023,1.1706913339824732,291534,231833,231833,15455.53,0.0,0.991,15,41.98,1,10,0,0,0,0,0,4,0,1,1,1,Dangerous,2,2,Dangerous,0.0,0,3.9027530246532056e-08,0,0.0,0,25,2,22293,0.53032,0.7213670033817772,0.0,0.0,3.9027530246532056e-08,23,12,5444,-0.0962,14,164,77180,Reduce Volume,HIGH,The latest model prediction classifies this IP as Dangerous.,"Reduce daily volume immediately, stop growth, and keep the IP stable until risk decreases.",15,-0.0962,164.0,0.0,growth_rate,1.0,sent_ratio,1.0,limit_usage_ratio,0.991
198.12.123.237,s_cmh6_5940,2026-04-13 10:37:19,25642941,22293,0,22500,150000,45000,-22707,-0.5046,386535,326833,326833,19225.47,0.0,0.991,17,15.0,1,10,0,0,0,0,0,4,0,0,1,1,Dangerous,2,2,Dangerous,0.02,0,4.313411540892541e-08,0,0.02,0,27,2,50000,0.4668148148148148,0.745176332756823,0.02,0.02,4.313411540892541e-08,23,14,5494,-0.0962,15,164,77131,Reduce Volume,HIGH,The latest model prediction classifies this IP as Dangerous.,"Reduce daily volume immediately, stop growth, and keep the IP stable until risk decreases.",15,-0.0962,164.0,0.02,sent_ratio,1.0,limit_usage_ratio,0.991,growth_rate,0.841
198.12.123.249,s_cmh6_5940,2026-04-13 10:37:19,25642941,22293,22293,22500,150000,10269,12024,1.1709027169149868,231826,231826,231826,15455.07,1.0,0.991,15,41.98,0,10,0,0,0,0,0,1,0,1,1,0,Risk,1,1,Risk,0.0,0,3.9027530246532056e-08,0,0.0,0,15,1,22293,1.0000666666666667,0.7460410732925682,0.0,0.0,3.9027530246532056e-08,9,0,5330,0.0065,7,10,14943,Slow Down Growth,MEDIUM,The latest model prediction classifies this IP as Risk.,Decrease growth rate and increase time gap. Avoid aggressive warm-up.,7,0.0065,60.0,0.0,growth_rate,1.0,limit_usage_ratio,0.991,dkim_error_probability,0.0
198.12.123.241,s_cmh6_5940,2026-04-13 10:37:19,25642941,22293,15453,22500,150000,10269,12024,1.1709027169149868,231826,231826,231826,15455.07,0.693,0.991,15,41.98,0,10,0,0,0,0,0,2,0,1,1,1,Risk,1,1,Risk,0.0,0,3.9027530246532056e-08,0,0.0,0,15,1,22293,0.3198666666666667,0.7460410732925682,0.0,0.0,3.9027530246532056e-08,11,10,5271,0.0065,7,8,23174,Slow Down Growth,MEDIUM,The latest model prediction classifies this IP as Risk.,Decrease growth rate and increase time gap. Avoid aggressive warm-up.,7,0.0065,60.0,0.0,growth_rate,1.0,limit_usage_ratio,0.991,sent_ratio,0.307
198.12.123.253,s_cmh6_5940,2026-04-13 10:37:19,25642941,22292,22292,22500,150000,10269,12023,1.170805336449508,231825,231825,231825,15455.0,1.0,0.991,15,41.98,0,10,0,0,0,0,0,2,0,1,1,0,Risk,1,1,Risk,0.0,0,3.9027530246532056e-08,0,0.0,0,15,1,22292,0.9334,0.7460345812615362,0.0,0.0,3.9027530246532056e-08,9,1,5325,0.0065,7,8,23521,Slow Down Growth,MEDIUM,The latest model prediction classifies this IP as Risk.,Decrease growth rate and increase time gap. Avoid aggressive warm-up.,7,0.0065,60.0,0.0,growth_rate,1.0,limit_usage_ratio,0.991,dkim_error_probability,0.0
198.12.123.251,s_cmh6_5940,2026-04-13 10:37:19,25642941,22293,22293,22500,150000,10269,12024,1.1709027169149868,231826,231826,231826,15455.07,1.0,0.991,15,41.98,0,10,0,0,0,0,0,1,0,1,1,0,Risk,1,1,Risk,0.0,0,3.9027530246532056e-08,0,0.0,0,15,1,22293,1.0000666666666667,0.7460410732925682,0.0,0.0,3.9027530246532056e-08,9,0,5330,0.0065,7,10,14943,Slow Down Growth,MEDIUM,The latest model prediction classifies this IP as Risk.,Decrease growth rate and increase time gap. Avoid aggressive warm-up.,7,0.0065,60.0,0.0,growth_rate,1.0,limit_usage_ratio,0.991,dkim_error_probability,0.0
198.12.123.227,s_cmh6_5940,2026-04-13 10:37:19,25642941,22293,0,22500,150000,10270,12023,1.1706913339824732,291537,231833,231833,15455.53,0.0,0.991,15,41.98,1,10,0,0,0,0,0,3,0,1,1,1,Dangerous,2,2,Dangerous,0.0,0,3.9027530246532056e-08,0,0.0,0,25,2,22293,0.39864,0.7210601609746604,0.01,0.01,3.9027530246532056e-08,22,15,5431,-0.0962,15,164,77131,Reduce Volume,HIGH,The latest model prediction classifies this IP as Dangerous.,"Reduce daily volume immediately, stop growth, and keep the IP stable until risk decreases.",15,-0.0962,164.0,0.0,growth_rate,1.0,sent_ratio,1.0,limit_usage_ratio,0.991
198.12.123.245,s_cmh6_5940,2026-04-13 10:37:19,25642941,22293,0,22500,150000,10269,12024,1.1709027169149868,291526,231826,231826,15455.07,0.0,0.991,15,41.98,1,10,0,0,0,0,0,4,0,1,1,1,Dangerous,2,2,Dangerous,0.0,0,3.9027530246532056e-08,0,0.0,0,25,2,22293,0.48016,0.7216780602192588,0.01,0.01,3.9027530246532056e-08,21,13,5431,-0.0962,15,164,77131,Reduce Volume,HIGH,The latest model prediction classifies this IP as Dangerous.,"Reduce daily volume immediately, stop growth, and keep the IP stable until risk decreases.",15,-0.0962,164.0,0.0,growth_rate,1.0,sent_ratio,1.0,limit_usage_ratio,0.991
198.12.123.247,s_cmh6_5940,2026-04-13 10:37:19,25642941,22293,0,22500,150000,10269,12024,1.1709027169149868,291524,231826,231826,15455.07,0.0,0.991,15,41.98,1,10,0,0,0,0,0,2,0,1,1,1,Dangerous,2,2,Dangerous,0.0,0,3.9027530246532056e-08,0,0.0,0,25,2,22293,0.53412,0.7216480682606451,0.0,0.0,3.9027530246532056e-08,21,12,5444,-0.0962,14,164,77180,Reduce Volume,HIGH,The latest model prediction classifies this IP as Dangerous.,"Reduce daily volume immediately, stop growth, and keep the IP stable until risk decreases.",15,-0.0962,164.0,0.0,growth_rate,1.0,sent_ratio,1.0,limit_usage_ratio,0.991
198.12.123.243,s_cmh6_5940,2026-04-13 10:37:19,25642941,22293,22293,22500,150000,10269,12024,1.1709027169149868,231826,231826,231826,15455.07,1.0,0.991,15,41.98,0,10,0,0,0,0,0,1,0,1,1,0,Risk,1,1,Risk,0.0,0,3.9027530246532056e-08,0,0.0,0,15,1,22293,0.7666666666666667,0.7460410732925682,0.0,0.0,3.9027530246532056e-08,9,2,5312,0.0065,7,8,23509,Slow Down Growth,MEDIUM,The latest model prediction classifies this IP as Risk.,Decrease growth rate and increase time gap. Avoid aggressive warm-up.,7,0.0065,60.0,0.0,growth_rate,1.0,limit_usage_ratio,0.991,dkim_error_probability,0.0
198.12.123.238,s_cmh6_5940,2026-04-13 10:51:23,25643163,23000,0,23000,0,15000,8000,0.5333333333333333,133997,74295,74295,14859.0,0.0,1.0,5,42.13,1,10,0,0,0,0,0,0,0,1,1,1,Dangerous,2,2,Dangerous,0.0,0,3.9027530246532056e-08,0,0.0,0,15,2,23000,0.7334666666666666,0.559465726978283,0.0,0.0,3.9027530246532056e-08,14,4,5704,-0.0962,15,164,77144,Reduce Volume,HIGH,The latest model prediction classifies this IP as Dangerous.,"Reduce daily volume immediately, stop growth, and keep the IP stable until risk decreases.",15,-0.0962,164.0,0.0,limit_usage_ratio,1.0,sent_ratio,1.0,growth_rate,0.8889
198.12.123.246,s_cmh6_5940,2026-04-13 10:51:23,25643163,23000,23000,23000,0,15000,8000,0.5333333333333333,74294,74294,74294,14858.8,1.0,1.0,5,42.13,0,10,0,0,0,0,0,0,0,1,1,0,Risk,1,1,Risk,0.0,0,3.9027530246532056e-08,0,0.0,0,5,1,23000,1.0,0.26723108992691447,0.0,0.0,3.9027530246532056e-08,4,0,5850,0.0065,8,9,16005,Slow Down Growth,MEDIUM,The latest model prediction classifies this IP as Risk.,Decrease growth rate and increase time gap. Avoid aggressive warm-up.,8,0.0065,60.0,0.0,limit_usage_ratio,1.0,growth_rate,0.8889,dkim_error_probability,0.0
198.12.123.252,s_cmh6_5940,2026-04-13 10:51:23,25643163,23000,23000,23000,0,15000,8000,0.5333333333333333,74294,74294,74294,14858.8,1.0,1.0,5,42.13,0,10,0,0,0,0,0,0,0,1,1,0,Risk,1,1,Risk,0.0,0,3.9027530246532056e-08,0,0.0,0,5,1,23000,1.0,0.26723108992691447,0.0,0.0,3.9027530246532056e-08,4,0,5850,0.0065,8,9,16005,Slow Down Growth,MEDIUM,The latest model prediction classifies this IP as Risk.,Decrease growth rate and increase time gap. Avoid aggressive warm-up.,8,0.0065,60.0,0.0,limit_usage_ratio,1.0,growth_rate,0.8889,dkim_error_probability,0.0
198.12.123.244,s_cmh6_5940,2026-04-13 10:51:23,25643163,23000,0,23000,0,15000,8000,0.5333333333333333,133995,74294,74294,14858.8,0.0,1.0,5,42.13,1,10,0,0,0,0,0,1,0,1,1,1,Dangerous,2,2,Dangerous,0.0,0,3.9027530246532056e-08,0,0.0,0,15,2,23000,0.6668,0.5599979844116514,0.0,0.0,3.9027530246532056e-08,14,5,5701,-0.0962,15,164,77154,Reduce Volume,HIGH,The latest model prediction classifies this IP as Dangerous.,"Reduce daily volume immediately, stop growth, and keep the IP stable until risk decreases.",15,-0.0962,164.0,0.0,limit_usage_ratio,1.0,sent_ratio,1.0,growth_rate,0.8889
198.12.123.240,s_cmh6_5940,2026-04-13 10:51:23,25643163,23000,0,23000,0,15000,8000,0.5333333333333333,133996,74295,74295,14859.0,0.0,1.0,5,42.13,1,10,0,1,0,0,0,1,0,1,1,1,Dangerous,2,2,Dangerous,0.0,0,3.9027530246532056e-08,0,0.0,0,15,2,23000,0.6668,0.5599771895432412,0.0,0.0,3.9027530246532056e-08,14,5,5701,-0.0962,15,164,77154,Reduce Volume,HIGH,The latest model prediction classifies this IP as Dangerous.,"Reduce daily volume immediately, stop growth, and keep the IP stable until risk decreases.",15,-0.0962,164.0,0.0,limit_usage_ratio,1.0,sent_ratio,1.0,growth_rate,0.8889
198.12.123.254,s_cmh6_5940,2026-04-13 10:51:23,25643163,23000,23000,23000,0,15000,8000,0.5333333333333333,133991,74294,74294,14858.8,1.0,1.0,5,42.13,1,10,0,0,0,0,0,2,0,1,1,0,Risk,1,1,Risk,0.0,0,3.9027530246532056e-08,0,0.0,0,15,2,23000,0.8496,0.5600315990322247,0.0,0.0,3.9027530246532056e-08,14,2,5699,-0.0661,15,164,77144,Slow Down Growth,MEDIUM,The latest model prediction classifies this IP as Risk.,Decrease growth rate and increase time gap. Avoid aggressive warm-up.,15,-0.0661,164.0,0.0,limit_usage_ratio,1.0,growth_rate,0.8889,dkim_error_probability,0.0
198.12.123.236,s_cmh6_5940,2026-04-13 10:51:23,25643163,23000,0,23000,0,15000,8000,0.5333333333333333,133998,74295,74295,14859.0,0.0,1.0,5,42.13,1,10,0,0,0,0,0,1,0,1,1,1,Dangerous,2,2,Dangerous,0.0,0,3.9027530246532056e-08,0,0.0,0,15,2,23000,0.6448666666666667,0.5594657570968664,0.0,0.0,3.9027530246532056e-08,14,5,5706,-0.0962,15,164,77154,Reduce Volume,HIGH,The latest model prediction classifies this IP as Dangerous.,"Reduce daily volume immediately, stop growth, and keep the IP stable until risk decreases.",15,-0.0962,164.0,0.0,limit_usage_ratio,1.0,sent_ratio,1.0,growth_rate,0.8889
198.12.123.250,s_cmh6_5940,2026-04-13 10:51:23,25643163,23000,10999,23000,0,15000,8000,0.5333333333333333,133991,74294,74294,14858.8,0.478,1.0,5,42.13,1,10,0,0,0,0,0,1,0,1,1,1,Risk,1,1,Risk,0.0,0,3.9027530246532056e-08,0,0.0,0,15,2,23000,0.8321333333333333,0.5600315990322247,0.0,0.0,3.9027530246532056e-08,14,2,5704,-0.0661,15,164,77144,Slow Down Growth,MEDIUM,The latest model prediction classifies this IP as Risk.,Decrease growth rate and increase time gap. Avoid aggressive warm-up.,15,-0.0661,164.0,0.0,limit_usage_ratio,1.0,growth_rate,0.8889,sent_ratio,0.522
198.12.123.248,s_cmh6_5940,2026-04-13 10:51:23,25643163,23000,0,23000,0,15000,8000,0.5333333333333333,133991,74294,74294,14858.8,0.0,1.0,5,42.13,1,10,0,0,0,0,0,1,0,1,1,1,Dangerous,2,2,Dangerous,0.0,0,3.9027530246532056e-08,0,0.0,0,15,2,23000,0.7353999999999999,0.5600315990322247,0.0,0.0,3.9027530246532056e-08,14,4,5704,-0.0962,15,164,77144,Reduce Volume,HIGH,The latest model prediction classifies this IP as Dangerous.,"Reduce daily volume immediately, stop growth, and keep the IP stable until risk decreases.",15,-0.0962,164.0,0.0,limit_usage_ratio,1.0,sent_ratio,1.0,growth_rate,0.8889
198.12.123.242,s_cmh6_5940,2026-04-13 10:51:23,25643163,23000,23000,23000,0,15000,8000,0.5333333333333333,74294,74294,74294,14858.8,1.0,1.0,5,42.13,0,10,0,0,0,0,0,1,0,1,1,0,Risk,1,1,Risk,0.0,0,3.9027530246532056e-08,0,0.0,0,5,1,23000,0.7852,0.26723108992691447,0.0,0.0,3.9027530246532056e-08,4,1,5717,0.0065,9,8,24799,Slow Down Growth,MEDIUM,The latest model prediction classifies this IP as Risk.,Decrease growth rate and increase time gap. Avoid aggressive warm-up.,9,0.0065,60.0,0.0,limit_usage_ratio,1.0,growth_rate,0.8889,dkim_error_probability,0.0
69.162.64.213,s_cmh11_1388,2026-04-13 18:14:18,25658803,8250,8252,90750,255750,8000,250,0.03125,79319,37700,37700,7540.0,1.0,0.091,5,25.0,1,18,0,0,0,0,0,0,0,0,0,0,Safe,0,0,Safe,0.0,0,3.9027530246532056e-08,0,0.0,0,13,2,8250,1.0,0.04394810481169288,0.0,0.0,3.9027530246532056e-08,0,0,4800,0.0411,7,176,41618,Continue Sending,LOW,IP is currently inside the safe operating zone.,Continue current strategy with slow controlled growth.,7,0.0411,176.0,0.0,limit_usage_ratio,0.091,growth_rate,0.0521,dkim_error_probability,0.0
5.135.75.177,s_cmh8_3656,2026-04-15 00:41:17,25718530,3250,3250,9750,34000,3250,0,0.0,133838,6500,6500,3250.0,1.0,0.333,2,0.0,2,0,2,0,0,0,0,0,0,0,0,0,Safe,0,0,Safe,0.0,0,3.9027530246532056e-08,0,0.0,0,38,4,8330,0.632421052631579,0.26696842076367405,0.01,0.01,3.9027530246532056e-08,19,14,3321,-0.0962,12,174,77164,Continue Sending,LOW,IP is currently inside the safe operating zone.,Continue current strategy with slow controlled growth.,12,-0.0962,174.0,0.0,limit_usage_ratio,0.333,dkim_error_probability,0.0,growth_rate,0.0
5.135.75.178,s_cmh8_3656,2026-04-15 00:55:17,25718854,3125,0,9375,71500,3125,0,0.0,56100,6250,6250,3125.0,0.0,0.333,2,0.0,2,0,2,0,0,0,0,0,0,0,0,1,Dangerous,2,2,Dangerous,0.0,0,3.9027530246532056e-08,0,0.0,0,14,4,7250,0.5495,0.04698605383517064,0.0,0.0,3.9027530246532056e-08,8,6,3225,-0.0962,7,174,78755,Reduce Volume,HIGH,The latest model prediction classifies this IP as Dangerous.,"Reduce daily volume immediately, stop growth, and keep the IP stable until risk decreases.",15,-0.0962,174.0,0.0,sent_ratio,1.0,limit_usage_ratio,0.333,dkim_error_probability,0.0
5.135.75.179,s_cmh8_3656,2026-04-15 01:10:17,25719379,6500,447,19500,109000,6500,0,0.0,116163,13000,13000,6500.0,0.069,0.333,2,37.43,3,1,2,0,0,0,0,0,0,0,0,1,Dangerous,2,2,Dangerous,0.0,0,3.9027530246532056e-08,0,0.0,0,23,4,8900,0.8955217391304346,0.09478915500016115,0.0,0.0,3.9027530246532056e-08,5,3,4017,-0.0411,13,164,76909,Reduce Volume,HIGH,The latest model prediction classifies this IP as Dangerous.,"Reduce daily volume immediately, stop growth, and keep the IP stable until risk decreases.",15,-0.0411,164.0,0.0,sent_ratio,0.931,limit_usage_ratio,0.333,dkim_error_probability,0.0
5.135.75.180,s_cmh8_3656,2026-04-15 01:24:17,25719754,6000,1,18000,141500,3000,3000,1.0,122775,12000,12000,4000.0,0.0,0.333,3,36.0,3,1,2,0,0,0,0,0,0,1,0,1,Dangerous,2,2,Dangerous,0.01,0,3.9027530246532056e-08,0,0.01,0,22,4,12800,0.48740909090909085,0.3589253150927736,0.01,0.01,7.861579707807939e-08,14,11,3491,-0.0962,8,164,75929,Reduce Volume,HIGH,The latest model prediction classifies this IP as Dangerous.,"Reduce daily volume immediately, stop growth, and keep the IP stable until risk decreases.",15,-0.0962,164.0,0.01,growth_rate,1.0,sent_ratio,1.0,limit_usage_ratio,0.333
5.135.75.181,s_cmh8_3656,2026-04-15 10:31:17,25730547,6250,0,6250,241500,6250,0,0.0,171800,18750,18750,6250.0,0.0,1.0,3,533.0,3,10,2,0,0,0,0,0,0,0,1,1,Dangerous,2,2,Dangerous,0.01,0,3.9027530246532056e-08,0,0.01,0,30,4,8650,0.0,0.018954879364044264,0.01,0.01,3.9027530246532056e-08,30,30,4278,-0.0962,7,164,75705,Reduce Volume,HIGH,The latest model prediction classifies this IP as Dangerous.,"Reduce daily volume immediately, stop growth, and keep the IP stable until risk decreases.",15,-0.0962,164.0,0.01,limit_usage_ratio,1.0,sent_ratio,1.0,netblock_error_probability,0.01
23.231.25.49,s_cmh9_5689,2026-04-15 11:48:31,25732668,13000,13000,13000,0,805,12195,15.149068322981366,158342,51020,51020,8503.33,1.0,1.0,6,39.93,2,11,2,0,0,0,0,0,0,1,1,0,Risk,1,1,Risk,0.0,0,3.9027454685034894e-08,0,0.0,0,24,4,13000,1.0000833333333332,1.1890528731362053,0.0,0.0,3.9027530246532056e-08,6,0,1448,-0.049,9,178,76129,Slow Down Growth,MEDIUM,The latest model prediction classifies this IP as Risk.,Decrease growth rate and increase time gap. Avoid aggressive warm-up.,9,-0.049,178.0,0.0,growth_rate,1.0,limit_usage_ratio,1.0,dkim_error_probability,0.0
23.231.25.57,s_cmh9_5689,2026-04-15 11:48:31,25732668,13000,13000,13000,0,804,12196,15.16915422885572,155337,51018,51018,8503.0,1.0,1.0,6,39.93,2,11,2,0,0,0,0,0,0,1,1,0,Risk,1,1,Risk,0.0,0,3.9027454685034894e-08,0,0.0,0,23,4,13000,0.9769130434782609,1.24176673469908,0.0,0.0,3.9027530246532056e-08,7,0,1558,-0.024,9,178,76129,Slow Down Growth,MEDIUM,The latest model prediction classifies this IP as Risk.,Decrease growth rate and increase time gap. Avoid aggressive warm-up.,9,-0.024,178.0,0.0,growth_rate,1.0,limit_usage_ratio,1.0,dkim_error_probability,0.0
23.231.25.58,s_cmh9_5689,2026-04-15 11:48:31,25732668,13000,13000,13000,0,804,12196,15.16915422885572,158337,51018,51018,8503.0,1.0,1.0,6,39.93,2,11,2,0,0,0,0,0,0,1,1,0,Risk,1,1,Risk,0.0,0,3.9027454685034894e-08,0,0.0,0,24,4,13000,1.0000833333333332,1.1900264540866183,0.0,0.0,3.9027530246532056e-08,6,0,1447,-0.049,9,178,76128,Slow Down Growth,MEDIUM,The latest model prediction classifies this IP as Risk.,Decrease growth rate and increase time gap. Avoid aggressive warm-up.,9,-0.049,178.0,0.0,growth_rate,1.0,limit_usage_ratio,1.0,dkim_error_probability,0.0
23.231.25.59,s_cmh9_5689,2026-04-15 11:48:31,25732668,13000,13000,13000,0,804,12196,15.16915422885572,158336,51018,51018,8503.0,1.0,1.0,6,39.93,2,11,2,0,0,0,0,0,0,1,1,0,Risk,1,1,Risk,0.0,0,3.9027454685034894e-08,0,0.0,0,24,4,13000,1.0000416666666667,1.1900271274146474,0.0,0.0,3.9027530246532056e-08,6,0,1447,-0.049,9,178,76128,Slow Down Growth,MEDIUM,The latest model prediction classifies this IP as Risk.,Decrease growth rate and increase time gap. Avoid aggressive warm-up.,9,-0.049,178.0,0.0,growth_rate,1.0,limit_usage_ratio,1.0,dkim_error_probability,0.0
23.231.25.61,s_cmh9_5689,2026-04-15 11:48:31,25732668,13000,13000,13000,0,804,12196,15.16915422885572,158335,51018,51018,8503.0,1.0,1.0,6,39.93,2,11,2,0,0,0,0,0,0,1,1,0,Risk,1,1,Risk,0.0,0,3.9027454685034894e-08,0,0.0,0,24,4,13000,1.0000416666666667,1.1899801807103054,0.0,0.0,3.9027530246532056e-08,6,0,1447,-0.049,9,178,76128,Slow Down Growth,MEDIUM,The latest model prediction classifies this IP as Risk.,Decrease growth rate and increase time gap. Avoid aggressive warm-up.,9,-0.049,178.0,0.0,growth_rate,1.0,limit_usage_ratio,1.0,dkim_error_probability,0.0
23.231.25.62,s_cmh9_5689,2026-04-15 11:48:31,25732668,13000,13000,13000,0,804,12196,15.16915422885572,158334,51018,51018,8503.0,1.0,1.0,6,39.93,2,11,2,0,0,0,0,0,0,1,1,0,Risk,1,1,Risk,0.0,0,3.9027454685034894e-08,0,0.0,0,24,4,13000,1.0000416666666667,1.1899811899256312,0.0,0.0,3.9027530246532056e-08,6,0,1447,-0.049,9,178,76128,Slow Down Growth,MEDIUM,The latest model prediction classifies this IP as Risk.,Decrease growth rate and increase time gap. Avoid aggressive warm-up.,9,-0.049,178.0,0.0,growth_rate,1.0,limit_usage_ratio,1.0,dkim_error_probability,0.0
23.231.25.56,s_cmh9_5689,2026-04-15 11:48:31,25732668,13000,13000,13000,0,804,12196,15.16915422885572,158339,51018,51018,8503.0,1.0,1.0,6,39.93,2,11,2,0,0,0,0,0,0,1,1,0,Risk,1,1,Risk,0.0,0,3.9027454685034894e-08,0,0.0,0,24,4,13000,1.0000833333333332,1.1898846975966326,0.0,0.0,3.9027530246532056e-08,6,0,1448,-0.049,9,178,76129,Slow Down Growth,MEDIUM,The latest model prediction classifies this IP as Risk.,Decrease growth rate and increase time gap. Avoid aggressive warm-up.,9,-0.049,178.0,0.0,growth_rate,1.0,limit_usage_ratio,1.0,dkim_error_probability,0.0
23.231.25.55,s_cmh9_5689,2026-04-15 11:48:31,25732668,13000,12728,13000,0,804,12196,15.16915422885572,158339,51018,51018,8503.0,0.979,1.0,6,39.93,2,11,2,1,0,0,0,0,0,1,1,0,Risk,1,1,Risk,0.0,0,3.9027454685034894e-08,0,0.0,0,24,4,13000,0.9992083333333334,1.1898846975966326,0.0,0.0,3.9027530246532056e-08,6,0,1448,-0.049,9,178,76129,Slow Down Growth,MEDIUM,The latest model prediction classifies this IP as Risk.,Decrease growth rate and increase time gap. Avoid aggressive warm-up.,9,-0.049,178.0,0.0,growth_rate,1.0,limit_usage_ratio,1.0,sent_ratio,0.021
23.231.25.54,s_cmh9_5689,2026-04-15 11:48:31,25732668,13000,13000,13000,0,804,12196,15.16915422885572,158340,51019,51019,8503.17,1.0,1.0,6,39.93,2,11,2,0,0,0,0,0,0,1,1,0,Risk,1,1,Risk,0.0,0,3.9027454685034894e-08,0,0.0,0,24,4,13000,1.000125,1.1898880374076557,0.0,0.0,3.9027530246532056e-08,6,0,1448,-0.049,9,178,76129,Slow Down Growth,MEDIUM,The latest model prediction classifies this IP as Risk.,Decrease growth rate and increase time gap. Avoid aggressive warm-up.,9,-0.049,178.0,0.0,growth_rate,1.0,limit_usage_ratio,1.0,dkim_error_probability,0.0
23.231.25.53,s_cmh9_5689,2026-04-15 11:48:31,25732668,13000,13000,13000,0,804,12196,15.16915422885572,158340,51019,51019,8503.17,1.0,1.0,6,39.93,2,11,2,0,0,0,0,0,0,1,1,0,Risk,1,1,Risk,0.0,0,3.9027454685034894e-08,0,0.0,0,24,4,13000,1.000125,1.1898880374076557,0.0,0.0,3.9027530246532056e-08,6,0,1448,-0.049,9,178,76129,Slow Down Growth,MEDIUM,The latest model prediction classifies this IP as Risk.,Decrease growth rate and increase time gap. Avoid aggressive warm-up.,9,-0.049,178.0,0.0,growth_rate,1.0,limit_usage_ratio,1.0,dkim_error_probability,0.0
23.231.25.52,s_cmh9_5689,2026-04-15 11:48:31,25732668,13000,13000,13000,0,804,12196,15.16915422885572,158341,51019,51019,8503.17,1.0,1.0,6,39.93,2,11,2,0,0,0,0,0,0,1,1,0,Risk,1,1,Risk,0.0,0,3.9027454685034894e-08,0,0.0,0,24,4,13000,1.000125,1.1898865807527648,0.0,0.0,3.9027530246532056e-08,6,0,1448,-0.049,9,178,76129,Slow Down Growth,MEDIUM,The latest model prediction classifies this IP as Risk.,Decrease growth rate and increase time gap. Avoid aggressive warm-up.,9,-0.049,178.0,0.0,growth_rate,1.0,limit_usage_ratio,1.0,dkim_error_probability,0.0
23.231.25.47,s_cmh9_5689,2026-04-15 11:48:31,25732668,13000,13000,13000,0,805,12195,15.149068322981366,155342,51020,51020,8503.33,1.0,1.0,6,39.93,2,11,2,0,0,0,0,0,0,1,1,0,Risk,1,1,Risk,0.0,0,3.9027454685034894e-08,0,0.0,0,23,4,13000,0.9212173913043478,1.2407508241421272,0.01,0.01,3.9027530246532056e-08,7,2,1566,-0.024,8,174,76036,Slow Down Growth,MEDIUM,The latest model prediction classifies this IP as Risk.,Decrease growth rate and increase time gap. Avoid aggressive warm-up.,8,-0.024,174.0,0.0,growth_rate,1.0,limit_usage_ratio,1.0,dkim_error_probability,0.0
23.231.25.51,s_cmh9_5689,2026-04-15 11:48:31,25732668,13000,13000,13000,0,805,12195,15.149068322981366,158342,51020,51020,8503.33,1.0,1.0,6,39.93,2,11,2,0,0,0,0,0,0,1,1,0,Risk,1,1,Risk,0.0,0,3.9027454685034894e-08,0,0.0,0,24,4,13000,1.0000833333333332,1.1890528731362053,0.0,0.0,3.9027530246532056e-08,6,0,1448,-0.049,9,178,76129,Slow Down Growth,MEDIUM,The latest model prediction classifies this IP as Risk.,Decrease growth rate and increase time gap. Avoid aggressive warm-up.,9,-0.049,178.0,0.0,growth_rate,1.0,limit_usage_ratio,1.0,dkim_error_probability,0.0
107.6.171.228,s_cmh2_6101,2026-04-16 00:23:45,25763037,50000,0,50000,0,117044,-67044,-0.5728102252144492,560501,50000,50000,50000.0,0.0,1.0,1,47.48,3,0,3,0,0,0,0,6,0,0,1,1,Dangerous,2,2,Dangerous,0.0,0,3.9027530246532056e-08,0,0.0,0,30,5,117044,0.5758333333333333,0.6959771846531354,0.0,0.0,3.989953809898281e-08,28,13,5378,-0.0628,8,164,76835,Reduce Volume,HIGH,The latest model prediction classifies this IP as Dangerous.,"Reduce daily volume immediately, stop growth, and keep the IP stable until risk decreases.",15,-0.0628,164.0,0.0,limit_usage_ratio,1.0,sent_ratio,1.0,growth_rate,0.9547
107.6.171.230,s_cmh2_6101,2026-04-16 00:23:45,25763037,50000,9268,50000,0,117043,-67043,-0.5728065753611921,560498,50000,50000,50000.0,0.185,1.0,1,47.48,3,0,3,0,0,0,0,1,0,0,1,1,Dangerous,2,2,Dangerous,0.0,0,3.9027530246532056e-08,0,0.0,0,30,5,117043,0.8389000000000001,0.6960284447447924,0.0,0.0,3.989953809898281e-08,28,5,5398,-0.0327,9,164,76803,Reduce Volume,HIGH,The latest model prediction classifies this IP as Dangerous.,"Reduce daily volume immediately, stop growth, and keep the IP stable until risk decreases.",15,-0.0327,164.0,0.0,limit_usage_ratio,1.0,growth_rate,0.9547,sent_ratio,0.815
107.6.171.227,s_cmh2_6101,2026-04-16 00:23:45,25763037,50000,0,50000,0,117044,-67044,-0.5728102252144492,560502,50000,50000,50000.0,0.0,1.0,1,47.48,3,0,3,0,0,0,0,8,0,0,1,1,Dangerous,2,2,Dangerous,0.0,0,3.9027530246532056e-08,0,0.0,0,30,5,117044,0.4529666666666667,0.6959550057465933,0.02,0.02,3.989953809898281e-08,29,17,5376,-0.0628,9,164,76785,Reduce Volume,HIGH,The latest model prediction classifies this IP as Dangerous.,"Reduce daily volume immediately, stop growth, and keep the IP stable until risk decreases.",15,-0.0628,164.0,0.0,limit_usage_ratio,1.0,sent_ratio,1.0,growth_rate,0.9547
173.236.32.78,s_cmh6_6009,2026-04-16 00:33:16,25763320,5700,5700,5700,27000,5500,200,0.0363636363636363,37200,5700,5700,5700.0,1.0,1.0,1,562.92,0,0,3,0,0,0,0,1,0,0,1,0,Risk,1,1,Risk,0.0,0,3.9027530246532056e-08,0,0.0,0,7,2,6000,1.0,-0.004329004329004328,0.0,0.0,3.9027530246532056e-08,7,0,4842,0.0,2,0,6,Slow Down Growth,MEDIUM,The latest model prediction classifies this IP as Risk.,Decrease growth rate and increase time gap. Avoid aggressive warm-up.,2,0.0,60.0,0.0,limit_usage_ratio,1.0,growth_rate,0.0606,dkim_error_probability,0.0
192.227.72.167,s_cmh11_1341,2026-04-16 00:41:51,25763603,20000,19992,40000,120000,0,20000,0.0,20000,20000,20000,20000.0,1.0,0.5,1,0.0,0,0,3,0,0,0,0,0,0,0,0,0,Safe,0,0,Safe,0.0,0,3.9027530246532056e-08,0,0.0,0,1,1,20000,1.0,0.0,0.0,0.0,3.9027530246532056e-08,0,0,4529,0.0102,7,10,14722,Continue Sending,LOW,IP is currently inside the safe operating zone.,Continue current strategy with slow controlled growth.,7,0.0102,10.0,0.0,limit_usage_ratio,0.5,dkim_error_probability,0.0,growth_rate,0.0
69.162.64.212,s_cmh11_1388,2026-04-16 00:45:28,25763706,20000,263,40000,200000,20000,0,0.0,87819,40000,40000,20000.0,0.013,0.5,2,0.35,3,0,3,0,0,0,0,0,0,0,0,1,Dangerous,2,2,Dangerous,0.0,0,3.9027530246532056e-08,0,0.0,0,11,3,20000,0.9102727272727272,0.22641936336005541,0.0,0.0,3.9027530246532056e-08,2,1,4802,0.0294,7,153,41623,Reduce Volume,HIGH,The latest model prediction classifies this IP as Dangerous.,"Reduce daily volume immediately, stop growth, and keep the IP stable until risk decreases.",15,0.0294,153.0,0.0,sent_ratio,0.987,limit_usage_ratio,0.5,dkim_error_probability,0.0
89.117.12.45,s_cmh9_5702,2026-04-16 15:51:25,25789045,7000,7000,7000,238000,3000,4000,1.3333333333333333,153604,7000,7000,7000.0,1.0,1.0,1,981.18,2,15,3,0,0,0,0,0,0,1,1,0,Risk,1,1,Risk,0.0,0,3.9027530246532056e-08,0,0.0,0,20,4,17000,1.0,0.11522064199778419,0.0,0.0,3.9027530246532056e-08,17,0,5802,-0.049,9,178,76176,Slow Down Growth,MEDIUM,The latest model prediction classifies this IP as Risk.,Decrease growth rate and increase time gap. Avoid aggressive warm-up.,9,-0.049,178.0,0.0,growth_rate,1.0,limit_usage_ratio,1.0,dkim_error_probability,0.0
89.116.64.220,s_cmh9_5702,2026-04-16 15:51:25,25789045,7000,7001,7000,238000,3000,4000,1.3333333333333333,290252,7000,7000,7000.0,1.0,1.0,1,981.18,2,15,3,0,0,0,0,0,0,1,1,0,Risk,1,1,Risk,0.0,0,3.9027530246532056e-08,0,0.0,0,29,4,21000,0.5877931034482758,0.11663568625090663,0.0,0.0,3.9027530246532056e-08,26,12,5773,-0.0791,8,174,78743,Slow Down Growth,MEDIUM,The latest model prediction classifies this IP as Risk.,Decrease growth rate and increase time gap. Avoid aggressive warm-up.,8,-0.0791,174.0,0.0,growth_rate,1.0,limit_usage_ratio,1.0,dkim_error_probability,0.0
89.117.12.14,s_cmh9_5702,2026-04-16 15:51:25,25789045,7000,7000,7000,238000,3000,4000,1.3333333333333333,290251,7000,7000,7000.0,1.0,1.0,1,981.18,2,15,3,0,0,0,0,0,0,1,1,0,Risk,1,1,Risk,0.0,0,3.9027530246532056e-08,0,0.0,0,29,4,21000,0.766448275862069,0.11666026255868668,0.0,0.0,3.9027530246532056e-08,26,7,5787,-0.0791,9,174,76084,Slow Down Growth,MEDIUM,The latest model prediction classifies this IP as Risk.,Decrease growth rate and increase time gap. Avoid aggressive warm-up.,9,-0.0791,174.0,0.0,growth_rate,1.0,limit_usage_ratio,1.0,dkim_error_probability,0.0
89.117.12.18,s_cmh9_5702,2026-04-16 15:51:25,25789045,7000,7000,7000,238000,3000,4000,1.3333333333333333,249250,7000,7000,7000.0,1.0,1.0,1,981.18,2,15,3,0,0,0,0,0,0,1,1,0,Risk,1,1,Risk,0.0,0,3.9027530246532056e-08,0,0.0,0,27,4,19000,0.8148148148148148,0.12467038784879156,0.0,0.0,3.9027530246532056e-08,24,5,5822,-0.049,9,174,76084,Slow Down Growth,MEDIUM,The latest model prediction classifies this IP as Risk.,Decrease growth rate and increase time gap. Avoid aggressive warm-up.,9,-0.049,174.0,0.0,growth_rate,1.0,limit_usage_ratio,1.0,dkim_error_probability,0.0
89.117.12.28,s_cmh9_5702,2026-04-16 15:51:25,25789045,7000,7000,7000,238000,3000,4000,1.3333333333333333,249249,7000,7000,7000.0,1.0,1.0,1,981.18,2,15,3,0,0,0,0,0,0,1,1,0,Risk,1,1,Risk,0.0,0,3.9027530246532056e-08,0,0.0,0,27,4,19000,0.8985925925925926,0.12467412443177421,0.0,0.0,3.9027530246532056e-08,24,3,5824,-0.049,9,174,76084,Slow Down Growth,MEDIUM,The latest model prediction classifies this IP as Risk.,Decrease growth rate and increase time gap. Avoid aggressive warm-up.,9,-0.049,174.0,0.0,growth_rate,1.0,limit_usage_ratio,1.0,dkim_error_probability,0.0
89.117.12.21,s_cmh9_5702,2026-04-16 15:51:25,25789045,7000,7000,7000,238000,3000,4000,1.3333333333333333,153605,7000,7000,7000.0,1.0,1.0,1,981.18,2,15,3,0,0,0,0,0,0,1,1,0,Risk,1,1,Risk,0.0,0,3.9027530246532056e-08,0,0.0,0,20,4,17000,0.9107,0.11521559761075761,0.0,0.0,3.9027530246532056e-08,17,2,5818,-0.049,9,174,76084,Slow Down Growth,MEDIUM,The latest model prediction classifies this IP as Risk.,Decrease growth rate and increase time gap. Avoid aggressive warm-up.,9,-0.049,174.0,0.0,growth_rate,1.0,limit_usage_ratio,1.0,dkim_error_probability,0.0
89.117.12.48,s_cmh9_5702,2026-04-16 15:51:25,25789045,7000,7000,7000,238000,3000,4000,1.3333333333333333,163604,7000,7000,7000.0,1.0,1.0,1,981.18,2,15,3,0,0,0,0,0,0,1,1,0,Risk,1,1,Risk,0.0,0,3.9027530246532056e-08,0,0.0,0,21,4,17000,1.0,0.10678836652850195,0.0,0.0,3.9027530246532056e-08,18,0,5802,-0.049,9,178,76176,Slow Down Growth,MEDIUM,The latest model prediction classifies this IP as Risk.,Decrease growth rate and increase time gap. Avoid aggressive warm-up.,9,-0.049,178.0,0.0,growth_rate,1.0,limit_usage_ratio,1.0,dkim_error_probability,0.0
89.116.64.240,s_cmh9_5702,2026-04-16 15:51:25,25789045,7000,7001,7000,238000,3000,4000,1.3333333333333333,290252,7000,7000,7000.0,1.0,1.0,1,981.18,2,15,3,0,0,0,0,0,0,1,1,0,Risk,1,1,Risk,0.0,0,3.9027530246532056e-08,0,0.0,0,29,4,21000,0.7044482758620689,0.11663568625090663,0.0,0.0,3.9027530246532056e-08,26,8,5786,-0.0791,9,174,76084,Slow Down Growth,MEDIUM,The latest model prediction classifies this IP as Risk.,Decrease growth rate and increase time gap. Avoid aggressive warm-up.,9,-0.0791,174.0,0.0,growth_rate,1.0,limit_usage_ratio,1.0,dkim_error_probability,0.0
89.117.12.26,s_cmh9_5702,2026-04-16 15:51:25,25789045,7000,7000,7000,238000,3000,4000,1.3333333333333333,180604,7000,7000,7000.0,1.0,1.0,1,981.18,2,15,3,0,0,0,0,0,0,1,1,0,Risk,1,1,Risk,0.0,0,3.9027530246532056e-08,0,0.0,0,22,4,17000,0.9545454545454546,0.1039687851298235,0.0,0.0,3.9027530246532056e-08,19,1,5773,-0.049,10,178,76176,Slow Down Growth,MEDIUM,The latest model prediction classifies this IP as Risk.,Decrease growth rate and increase time gap. Avoid aggressive warm-up.,10,-0.049,178.0,0.0,growth_rate,1.0,limit_usage_ratio,1.0,dkim_error_probability,0.0
89.117.12.8,s_cmh9_5702,2026-04-16 15:51:25,25789045,7000,7001,7000,238000,3000,4000,1.3333333333333333,157606,7000,7000,7000.0,1.0,1.0,1,981.18,2,15,3,0,0,0,0,0,0,1,1,0,Risk,1,1,Risk,0.0,0,3.9027530246532056e-08,0,0.0,0,20,4,17000,0.7058500000000001,0.11561286239737696,0.0,0.0,3.9027530246532056e-08,18,6,5813,-0.0791,9,174,76084,Slow Down Growth,MEDIUM,The latest model prediction classifies this IP as Risk.,Decrease growth rate and increase time gap. Avoid aggressive warm-up.,9,-0.0791,174.0,0.0,growth_rate,1.0,limit_usage_ratio,1.0,dkim_error_probability,0.0
89.117.12.9,s_cmh9_5702,2026-04-16 15:51:25,25789045,7000,7000,7000,238000,3000,4000,1.3333333333333333,168605,7000,7000,7000.0,1.0,1.0,1,981.18,2,15,3,0,0,0,0,0,0,1,1,0,Risk,1,1,Risk,0.0,0,3.9027530246532056e-08,0,0.0,0,21,4,17000,0.7827142857142858,0.10927562584244489,0.0,0.0,3.9027530246532056e-08,19,4,5822,-0.0791,9,174,76084,Slow Down Growth,MEDIUM,The latest model prediction classifies this IP as Risk.,Decrease growth rate and increase time gap. Avoid aggressive warm-up.,9,-0.0791,174.0,0.0,growth_rate,1.0,limit_usage_ratio,1.0,dkim_error_probability,0.0
89.116.64.219,s_cmh9_5702,2026-04-16 15:51:25,25789045,7000,7001,7000,238000,3000,4000,1.3333333333333333,290253,7000,7000,7000.0,1.0,1.0,1,981.18,2,15,3,0,0,0,0,0,0,1,1,0,Risk,1,1,Risk,0.0,0,3.9027530246532056e-08,0,0.0,0,29,4,21000,0.5458275862068965,0.11663183302951356,0.0,0.0,3.9027530246532056e-08,26,12,5772,-0.0791,8,174,78743,Slow Down Growth,MEDIUM,The latest model prediction classifies this IP as Risk.,Decrease growth rate and increase time gap. Avoid aggressive warm-up.,8,-0.0791,174.0,0.0,growth_rate,1.0,limit_usage_ratio,1.0,dkim_error_probability,0.0
23.19.114.9,s_cmh2_6121,2026-04-16 16:07:13,25789721,6000,0,6000,60000,3000,3000,1.0,76154,6000,6000,6000.0,0.0,1.0,1,996.77,3,16,3,1,1,0,0,0,0,1,1,1,Dangerous,2,2,Dangerous,0.0,0,3.9027530246532056e-08,0,0.0,0,22,5,6000,0.8439999999999999,0.07726318503421913,0.01,0.01,3.9027530246532056e-08,22,3,3232,-0.0661,4,164,76022,Reduce Volume,HIGH,The latest model prediction classifies this IP as Dangerous.,"Reduce daily volume immediately, stop growth, and keep the IP stable until risk decreases.",15,-0.0661,164.0,0.0,growth_rate,1.0,limit_usage_ratio,1.0,sent_ratio,1.0
23.82.139.242,s_cmh2_6121,2026-04-16 16:31:18,25790606,6000,20,6000,105000,6000,0,0.0,90184,12000,12000,6000.0,0.003,1.0,2,24.08,3,16,3,1,1,0,0,1,0,0,1,1,Dangerous,2,2,Dangerous,0.0,0,3.9027530246532056e-08,0,0.0,0,25,5,6000,0.81648,0.06803120199994911,0.01,0.01,3.9027530246532056e-08,25,4,3221,-0.0661,4,164,76022,Reduce Volume,HIGH,The latest model prediction classifies this IP as Dangerous.,"Reduce daily volume immediately, stop growth, and keep the IP stable until risk decreases.",15,-0.0661,164.0,0.0,limit_usage_ratio,1.0,sent_ratio,0.997,dkim_error_probability,0.0
51.68.222.162,s_cmh2_6145,2026-04-16 16:36:21,25790945,7500,3509,7500,111000,7500,0,0.0,135652,22500,22500,7500.0,0.468,1.0,3,23.68,3,16,3,0,0,0,0,0,1,0,1,1,Dangerous,2,2,Dangerous,0.0,0,3.9027530246532056e-08,0,0.0,0,27,5,7500,0.806962962962963,0.6273340946586599,0.74,0.74,1.0,27,8,3320,-0.0962,4,164,76022,Reduce Volume,HIGH,The latest model prediction classifies this IP as Dangerous.,"Reduce daily volume immediately, stop growth, and keep the IP stable until risk decreases.",15,-0.0962,164.0,0.0,limit_usage_ratio,1.0,sent_ratio,0.532,dkim_error_probability,0.0
51.75.164.228,s_cmh2_6145,2026-04-16 16:36:21,25790945,7500,7500,7500,111000,7500,0,0.0,135651,22500,22500,7500.0,1.0,1.0,3,23.68,3,16,3,0,0,0,0,0,0,0,1,0,Risk,1,1,Risk,0.0,0,3.9027530246532056e-08,0,0.0,0,27,5,7500,0.9238518518518518,0.6281784042808446,0.07,0.07,3.989953809898281e-08,27,2,3299,-0.0661,4,164,76022,Slow Down Growth,MEDIUM,The latest model prediction classifies this IP as Risk.,Decrease growth rate and increase time gap. Avoid aggressive warm-up.,4,-0.0661,164.0,0.0,limit_usage_ratio,1.0,dkim_error_probability,0.0,growth_rate,0.0
91.223.3.204,s_cmh9_5687,2026-04-16 16:48:41,25791393,3257,3258,17000,322000,13000,-9743,-0.7494615384615385,234161,3257,3257,3257.0,1.0,0.192,1,1053.38,4,16,3,0,0,0,0,0,0,0,0,0,Safe,0,0,Safe,0.0,0,3.9027530246532056e-08,0,0.0,0,34,5,13000,0.9706470588235295,0.7101351518885278,0.0,0.0,3.989953809898281e-08,13,1,3212,-0.0661,14,168,76114,Continue Sending,LOW,IP is currently inside the safe operating zone.,Continue current strategy with slow controlled growth.,14,-0.0661,168.0,0.0,growth_rate,1.0,limit_usage_ratio,0.192,dkim_error_probability,0.0
91.223.3.150,s_cmh9_5687,2026-04-16 16:48:41,25791393,3258,3259,17000,322000,13000,-9742,-0.7493846153846154,234167,3258,3258,3258.0,1.0,0.192,1,1053.38,4,16,3,0,0,0,0,0,0,0,0,0,Safe,0,0,Safe,0.0,0,3.9027530246532056e-08,0,0.0,0,34,5,13000,0.9073235294117648,0.7097095581021042,0.0,0.0,3.989953809898281e-08,13,3,3218,-0.0661,14,164,76022,Continue Sending,LOW,IP is currently inside the safe operating zone.,Continue current strategy with slow controlled growth.,14,-0.0661,164.0,0.0,growth_rate,1.0,limit_usage_ratio,0.192,dkim_error_probability,0.0
91.223.3.195,s_cmh9_5687,2026-04-16 16:48:41,25791393,3258,3258,17000,322000,13000,-9742,-0.7493846153846154,234164,3258,3258,3258.0,1.0,0.192,1,1053.38,4,16,3,0,0,0,0,1,0,0,0,0,Safe,0,0,Safe,0.0,0,3.9027530246532056e-08,0,0.0,0,34,5,13000,0.9096470588235295,0.7097244446272303,0.0,0.0,3.989953809898281e-08,13,3,3218,-0.0661,14,164,76022,Continue Sending,LOW,IP is currently inside the safe operating zone.,Continue current strategy with slow controlled growth.,14,-0.0661,164.0,0.0,growth_rate,1.0,limit_usage_ratio,0.192,dkim_error_probability,0.0
91.223.3.197,s_cmh9_5687,2026-04-16 16:48:41,25791393,3258,3258,17000,322000,13000,-9742,-0.7493846153846154,234163,3258,3258,3258.0,1.0,0.192,1,1053.38,4,16,3,0,0,0,0,0,0,0,0,0,Safe,0,0,Safe,0.0,0,3.9027530246532056e-08,0,0.0,0,34,5,13000,0.9117941176470589,0.7097233567039954,0.0,0.0,3.989953809898281e-08,13,3,3218,-0.0661,14,164,76022,Continue Sending,LOW,IP is currently inside the safe operating zone.,Continue current strategy with slow controlled growth.,14,-0.0661,164.0,0.0,growth_rate,1.0,limit_usage_ratio,0.192,dkim_error_probability,0.0
91.223.3.199,s_cmh9_5687,2026-04-16 16:48:41,25791393,3257,3258,17000,322000,13000,-9743,-0.7494615384615385,234161,3257,3257,3257.0,1.0,0.192,1,1053.38,4,16,3,0,0,0,0,0,0,0,0,0,Safe,0,0,Safe,0.0,0,3.9027530246532056e-08,0,0.0,0,34,5,13000,0.9633823529411766,0.7101351518885278,0.0,0.0,3.989953809898281e-08,13,1,3212,-0.0661,14,168,76114,Continue Sending,LOW,IP is currently inside the safe operating zone.,Continue current strategy with slow controlled growth.,14,-0.0661,168.0,0.0,growth_rate,1.0,limit_usage_ratio,0.192,dkim_error_probability,0.0
91.223.3.209,s_cmh9_5687,2026-04-16 16:48:41,25791393,3257,3258,17000,322000,13000,-9743,-0.7494615384615385,234160,3257,3257,3257.0,1.0,0.192,1,1053.38,4,16,3,0,0,0,0,0,0,0,0,0,Safe,0,0,Safe,0.0,0,3.9027530246532056e-08,0,0.0,0,34,5,13000,0.9739117647058824,0.7101332872132017,0.0,0.0,3.989953809898281e-08,13,1,3237,-0.0661,15,168,76114,Continue Sending,LOW,IP is currently inside the safe operating zone.,Continue current strategy with slow controlled growth.,15,-0.0661,168.0,0.0,growth_rate,1.0,limit_usage_ratio,0.192,dkim_error_probability,0.0
91.223.3.208,s_cmh9_5687,2026-04-16 16:48:41,25791393,3257,3258,17000,322000,13000,-9743,-0.7494615384615385,234161,3257,3257,3257.0,1.0,0.192,1,1053.38,4,16,3,0,0,0,0,0,0,0,0,0,Safe,0,0,Safe,0.0,0,3.9027530246532056e-08,0,0.0,0,34,5,13000,0.9706470588235295,0.7101351518885278,0.0,0.0,3.989953809898281e-08,13,1,3212,-0.0661,14,168,76114,Continue Sending,LOW,IP is currently inside the safe operating zone.,Continue current strategy with slow controlled growth.,14,-0.0661,168.0,0.0,growth_rate,1.0,limit_usage_ratio,0.192,dkim_error_probability,0.0
91.223.3.187,s_cmh9_5687,2026-04-16 16:48:41,25791393,3258,3258,17000,322000,13000,-9742,-0.7493846153846154,234166,3258,3258,3258.0,1.0,0.192,1,1053.38,4,16,3,0,0,0,0,0,0,0,0,0,Safe,0,0,Safe,0.0,0,3.9027530246532056e-08,0,0.0,0,34,5,13000,0.9118529411764706,0.7097116875804994,0.0,0.0,3.989953809898281e-08,13,3,3218,-0.0661,14,164,76022,Continue Sending,LOW,IP is currently inside the safe operating zone.,Continue current strategy with slow controlled growth.,14,-0.0661,164.0,0.0,growth_rate,1.0,limit_usage_ratio,0.192,dkim_error_probability,0.0
91.223.3.194,s_cmh9_5687,2026-04-16 16:48:41,25791393,3258,3258,17000,322000,13000,-9742,-0.7493846153846154,234165,3258,3258,3258.0,1.0,0.192,1,1053.38,4,16,3,0,0,0,0,0,0,0,0,0,Safe,0,0,Safe,0.0,0,3.9027530246532056e-08,0,0.0,0,34,5,13000,0.9118529411764706,0.709720459573101,0.0,0.0,3.989953809898281e-08,13,3,3218,-0.0661,14,164,76022,Continue Sending,LOW,IP is currently inside the safe operating zone.,Continue current strategy with slow controlled growth.,14,-0.0661,164.0,0.0,growth_rate,1.0,limit_usage_ratio,0.192,dkim_error_probability,0.0
91.223.3.189,s_cmh9_5687,2026-04-16 16:48:41,25791393,3258,3258,17000,322000,13000,-9742,-0.7493846153846154,234165,3258,3258,3258.0,1.0,0.192,1,1053.38,4,16,3,0,0,0,0,0,0,0,0,0,Safe,0,0,Safe,0.0,0,3.9027530246532056e-08,0,0.0,0,34,5,13000,0.9116764705882353,0.709720459573101,0.0,0.0,3.989953809898281e-08,13,3,3218,-0.0661,14,164,76022,Continue Sending,LOW,IP is currently inside the safe operating zone.,Continue current strategy with slow controlled growth.,14,-0.0661,164.0,0.0,growth_rate,1.0,limit_usage_ratio,0.192,dkim_error_probability,0.0
91.223.3.198,s_cmh9_5687,2026-04-16 16:48:41,25791393,3258,3258,17000,322000,13000,-9742,-0.7493846153846154,234163,3258,3258,3258.0,1.0,0.192,1,1053.38,4,16,3,0,0,0,0,0,0,0,0,0,Safe,0,0,Safe,0.0,0,3.9027530246532056e-08,0,0.0,0,34,5,13000,0.9144411764705883,0.7097233567039954,0.0,0.0,3.989953809898281e-08,13,3,3221,-0.0661,14,164,76022,Continue Sending,LOW,IP is currently inside the safe operating zone.,Continue current strategy with slow controlled growth.,14,-0.0661,164.0,0.0,growth_rate,1.0,limit_usage_ratio,0.192,dkim_error_probability,0.0
91.223.3.200,s_cmh9_5687,2026-04-16 16:48:41,25791393,3257,3258,17000,322000,13000,-9743,-0.7494615384615385,234161,3257,3257,3257.0,1.0,0.192,1,1053.38,4,16,3,0,0,0,0,0,0,0,0,0,Safe,0,0,Safe,0.0,0,3.9027530246532056e-08,0,0.0,0,34,5,13000,0.9706470588235295,0.7101351518885278,0.0,0.0,3.989953809898281e-08,13,1,3212,-0.0661,14,168,76114,Continue Sending,LOW,IP is currently inside the safe operating zone.,Continue current strategy with slow controlled growth.,14,-0.0661,168.0,0.0,growth_rate,1.0,limit_usage_ratio,0.192,dkim_error_probability,0.0
91.223.3.196,s_cmh9_5687,2026-04-16 16:48:41,25791393,3258,3258,17000,322000,13000,-9742,-0.7493846153846154,234163,3258,3258,3258.0,1.0,0.192,1,1053.38,4,16,3,0,0,0,0,0,0,0,0,0,Safe,0,0,Safe,0.0,0,3.9027530246532056e-08,0,0.0,0,34,5,13000,0.9155588235294118,0.7097233567039954,0.0,0.0,3.989953809898281e-08,13,3,3221,-0.0661,14,164,76022,Continue Sending,LOW,IP is currently inside the safe operating zone.,Continue current strategy with slow controlled growth.,14,-0.0661,164.0,0.0,growth_rate,1.0,limit_usage_ratio,0.192,dkim_error_probability,0.0
91.223.3.186,s_cmh9_5687,2026-04-16 16:48:41,25791393,3258,3258,17000,322000,13000,-9742,-0.7493846153846154,234166,3258,3258,3258.0,1.0,0.192,1,1053.38,4,16,3,0,0,0,0,0,0,0,0,0,Safe,0,0,Safe,0.0,0,3.9027530246532056e-08,0,0.0,0,34,5,13000,0.9118235294117647,0.7097116875804994,0.0,0.0,3.989953809898281e-08,13,3,3218,-0.0661,14,164,76022,Continue Sending,LOW,IP is currently inside the safe operating zone.,Continue current strategy with slow controlled growth.,14,-0.0661,164.0,0.0,growth_rate,1.0,limit_usage_ratio,0.192,dkim_error_probability,0.0
51.161.79.217,s_cmh2_6127,2026-04-16 16:54:58,25791615,3000,0,3000,144000,9000,-6000,-0.6666666666666666,138548,30000,30000,7500.0,0.0,1.0,4,8.1,2,16,3,1,0,1,0,1,0,0,1,1,Dangerous,2,2,Dangerous,0.04,0,3.9027530246532056e-08,0,0.04,0,25,4,9000,0.83412,0.018293635463055086,0.04,0.04,3.9027530246532056e-08,25,4,4180,-0.0661,4,174,76084,Reduce Volume,HIGH,The latest model prediction classifies this IP as Dangerous.,"Reduce daily volume immediately, stop growth, and keep the IP stable until risk decreases.",15,-0.0661,174.0,0.04,growth_rate,1.0,limit_usage_ratio,1.0,sent_ratio,1.0
158.69.54.111,s_cmh2_6127,2026-04-16 16:54:58,25791615,3000,544,3000,144000,9000,-6000,-0.6666666666666666,115380,30000,30000,7500.0,0.181,1.0,4,8.1,2,16,3,1,1,0,0,1,0,0,1,1,Dangerous,2,2,Dangerous,0.0,0,3.9027530246532056e-08,0,0.0,0,23,4,9000,0.8737391304347826,0.02277659595816133,0.0,0.0,3.9027530246532056e-08,23,3,4182,-0.0661,4,174,76084,Reduce Volume,HIGH,The latest model prediction classifies this IP as Dangerous.,"Reduce daily volume immediately, stop growth, and keep the IP stable until risk decreases.",15,-0.0661,174.0,0.0,growth_rate,1.0,limit_usage_ratio,1.0,sent_ratio,0.819
173.236.32.77,s_cmh6_6009,2026-04-16 16:55:19,25791633,1235,1238,7500,363900,7500,-6265,-0.8353333333333334,45935,14435,14435,4811.67,1.002,0.165,3,27.7,1,16,3,0,0,0,0,0,0,0,0,0,Safe,0,0,Safe,0.0,0,3.9027530246532056e-08,0,0.0,0,9,2,7500,1.0002222222222223,-0.06109409888357257,0.0,0.0,3.9027530246532056e-08,8,0,5869,-0.0661,11,164,76108,Continue Sending,LOW,IP is currently inside the safe operating zone.,Continue current strategy with slow controlled growth.,11,-0.0661,164.0,0.0,growth_rate,1.0,limit_usage_ratio,0.165,dkim_error_probability,0.0
173.236.32.74,s_cmh6_6009,2026-04-16 16:55:19,25791633,1236,1239,7500,363900,7500,-6264,-0.8352,45936,14436,14436,4812.0,1.002,0.165,3,27.7,1,16,3,0,0,0,0,0,0,0,0,0,Safe,0,0,Safe,0.0,0,3.9027530246532056e-08,0,0.0,0,9,2,7500,1.0004444444444445,-0.06107928406875776,0.0,0.0,3.9027530246532056e-08,8,0,5869,-0.0661,11,164,76108,Continue Sending,LOW,IP is currently inside the safe operating zone.,Continue current strategy with slow controlled growth.,11,-0.0661,164.0,0.0,growth_rate,1.0,limit_usage_ratio,0.165,dkim_error_probability,0.0
173.236.32.76,s_cmh6_6009,2026-04-16 16:55:19,25791633,1236,1239,7500,363900,7500,-6264,-0.8352,45936,14436,14436,4812.0,1.002,0.165,3,27.7,1,16,3,0,0,0,0,1,0,0,0,0,Safe,0,0,Safe,0.0,0,3.9027530246532056e-08,0,0.0,0,9,2,7500,1.0002222222222223,-0.06107928406875776,0.0,0.0,3.9027530246532056e-08,8,0,5869,-0.0661,11,164,76108,Continue Sending,LOW,IP is currently inside the safe operating zone.,Continue current strategy with slow controlled growth.,11,-0.0661,164.0,0.0,growth_rate,1.0,limit_usage_ratio,0.165,dkim_error_probability,0.0
135.125.140.36,s_cmh11_1372,2026-04-16 18:32:18,25795975,8815,8814,72500,280000,28000,-19185,-0.6851785714285714,366529,98445,98445,16407.5,1.0,0.122,6,40.0,4,18,3,0,0,0,0,0,0,0,0,0,Safe,0,0,Safe,0.0,0,3.9027530246532056e-08,0,0.0,0,40,5,28000,0.9974999999999999,0.46725773677658466,0.0,0.0,3.989953809898281e-08,7,0,4800,-0.0077,8,168,77334,Continue Sending,LOW,IP is currently inside the safe operating zone.,Continue current strategy with slow controlled growth.,8,-0.0077,168.0,0.0,growth_rate,1.0,limit_usage_ratio,0.122,dkim_error_probability,0.0
135.125.140.51,s_cmh11_1372,2026-04-16 18:32:18,25795975,8815,8815,72500,280000,28000,-19185,-0.6851785714285714,366529,98445,98445,16407.5,1.0,0.122,6,40.0,4,18,3,0,0,0,0,0,0,0,0,0,Safe,0,0,Safe,0.0,0,3.9027530246532056e-08,0,0.0,0,40,5,28000,1.0001250000000002,0.46725773677658466,0.0,0.0,3.989953809898281e-08,7,0,4800,-0.0077,8,168,77334,Continue Sending,LOW,IP is currently inside the safe operating zone.,Continue current strategy with slow controlled growth.,8,-0.0077,168.0,0.0,growth_rate,1.0,limit_usage_ratio,0.122,dkim_error_probability,0.0
192.227.72.168,s_cmh11_1341,2026-04-16 18:32:18,25795975,8815,8815,145000,280000,28000,-19185,-0.6851785714285714,354476,98445,98445,16407.5,1.0,0.061,6,40.0,4,18,3,0,0,0,0,0,0,0,0,0,Safe,0,0,Safe,0.0,0,3.9027530246532056e-08,0,0.0,0,38,5,28000,0.9797105263157895,0.47909361581171367,0.0,0.0,3.989953809898281e-08,7,1,4786,-0.0069,8,168,77337,Continue Sending,LOW,IP is currently inside the safe operating zone.,Continue current strategy with slow controlled growth.,8,-0.0069,168.0,0.0,growth_rate,1.0,limit_usage_ratio,0.061,dkim_error_probability,0.0
51.254.12.38,s_cmh11_1343,2026-04-16 18:32:18,25795975,8680,8680,72500,280000,28000,-19320,-0.69,366125,98040,98040,16340.0,1.0,0.12,6,40.0,4,18,3,0,0,0,0,0,0,0,0,0,Safe,0,0,Safe,0.0,0,3.9027530246532056e-08,0,0.0,0,40,5,28000,0.99705,0.4680839157936331,0.0,0.0,3.989953809898281e-08,7,0,4800,-0.0077,8,168,77334,Continue Sending,LOW,IP is currently inside the safe operating zone.,Continue current strategy with slow controlled growth.,8,-0.0077,168.0,0.0,growth_rate,1.0,limit_usage_ratio,0.12,dkim_error_probability,0.0
51.254.12.39,s_cmh11_1343,2026-04-16 18:32:18,25795975,8679,8680,72500,280000,28000,-19321,-0.6900357142857143,366122,98037,98037,16339.5,1.0,0.12,6,40.0,4,18,3,0,0,0,0,0,0,0,0,0,Safe,0,0,Safe,0.0,0,3.9027530246532056e-08,0,0.0,0,40,5,28000,1.0001,0.4680901586809534,0.0,0.0,3.989953809898281e-08,7,0,4800,-0.0077,8,168,77334,Continue Sending,LOW,IP is currently inside the safe operating zone.,Continue current strategy with slow controlled growth.,8,-0.0077,168.0,0.0,growth_rate,1.0,limit_usage_ratio,0.12,dkim_error_probability,0.0
217.182.198.9,s_cmh11_1372,2026-04-16 18:32:18,25795975,8815,8815,72500,280000,28000,-19185,-0.6851785714285714,366529,98445,98445,16407.5,1.0,0.122,6,40.0,4,18,3,0,0,0,0,0,0,0,0,0,Safe,0,0,Safe,0.0,0,3.9027530246532056e-08,0,0.0,0,40,5,28000,1.000075,0.46725773677658466,0.0,0.0,3.989953809898281e-08,7,0,4800,-0.0077,8,168,77334,Continue Sending,LOW,IP is currently inside the safe operating zone.,Continue current strategy with slow controlled growth.,8,-0.0077,168.0,0.0,growth_rate,1.0,limit_usage_ratio,0.122,dkim_error_probability,0.0
192.227.72.165,s_cmh11_1341,2026-04-16 18:32:18,25795975,8815,8816,145000,280000,28000,-19185,-0.6851785714285714,366476,98445,98445,16407.5,1.0,0.061,6,40.0,4,18,3,0,0,0,0,0,0,0,0,0,Safe,0,0,Safe,0.0,0,3.9027530246532056e-08,0,0.0,0,40,5,28000,0.998,0.4688181803041468,0.0,0.0,3.989953809898281e-08,7,0,4800,-0.0069,8,168,77337,Continue Sending,LOW,IP is currently inside the safe operating zone.,Continue current strategy with slow controlled growth.,8,-0.0069,168.0,0.0,growth_rate,1.0,limit_usage_ratio,0.061,dkim_error_probability,0.0
51.254.12.40,s_cmh11_1343,2026-04-16 18:32:18,25795975,8679,8680,72500,280000,28000,-19321,-0.6900357142857143,366122,98037,98037,16339.5,1.0,0.12,6,40.0,4,18,3,0,0,0,0,0,0,0,0,0,Safe,0,0,Safe,0.0,0,3.9027530246532056e-08,0,0.0,0,40,5,28000,1.0001,0.4680901586809534,0.0,0.0,3.989953809898281e-08,7,0,4800,-0.0077,8,168,77334,Continue Sending,LOW,IP is currently inside the safe operating zone.,Continue current strategy with slow controlled growth.,8,-0.0077,168.0,0.0,growth_rate,1.0,limit_usage_ratio,0.12,dkim_error_probability,0.0
51.254.12.41,s_cmh11_1343,2026-04-16 18:32:18,25795975,8679,8680,72500,280000,28000,-19321,-0.6900357142857143,386121,118037,118037,16862.43,1.0,0.12,7,40.0,4,18,3,0,0,0,0,0,0,0,0,0,Safe,0,0,Safe,0.0,0,3.9027530246532056e-08,0,0.0,0,41,5,28000,1.0000487804878049,0.462625747251099,0.0,0.0,3.989953809898281e-08,8,0,4800,-0.0077,8,168,77334,Continue Sending,LOW,IP is currently inside the safe operating zone.,Continue current strategy with slow controlled growth.,8,-0.0077,168.0,0.0,growth_rate,1.0,limit_usage_ratio,0.12,dkim_error_probability,0.0
135.125.140.52,s_cmh11_1372,2026-04-16 18:32:18,25795975,8815,8815,72500,280000,28000,-19185,-0.6851785714285714,406529,138445,138445,17305.62,1.0,0.122,8,40.0,4,18,3,0,0,0,0,0,0,0,0,0,Safe,0,0,Safe,0.0,0,3.9027530246532056e-08,0,0.0,0,42,5,28000,1.0000952380952381,0.4507097493110331,0.0,0.0,3.989953809898281e-08,8,0,4800,-0.0077,9,168,77334,Continue Sending,LOW,IP is currently inside the safe operating zone.,Continue current strategy with slow controlled growth.,9,-0.0077,168.0,0.0,growth_rate,1.0,limit_usage_ratio,0.122,dkim_error_probability,0.0
142.147.96.124,s_cmh8_3583,2026-04-16 22:38:16,25806124,8000,7525,16000,224000,5750,2250,0.391304347826087,109259,42159,42159,5269.88,0.941,0.5,8,121.98,3,22,3,1,0,0,0,4,0,0,0,0,Risk,1,1,Risk,0.0,0,3.9027530246532056e-08,0,0.0,0,22,4,8000,0.648,0.08919912217724574,0.0,0.0,3.9027530246532056e-08,18,8,3476,-0.0962,10,164,76862,Slow Down Growth,MEDIUM,The latest model prediction classifies this IP as Risk.,Decrease growth rate and increase time gap. Avoid aggressive warm-up.,10,-0.0962,164.0,0.0,growth_rate,0.6522,limit_usage_ratio,0.5,sent_ratio,0.059
142.147.96.126,s_cmh8_3583,2026-04-17 00:16:16,25809510,8000,7035,16000,26500,6759,1241,0.1836070424619026,236469,8000,8000,8000.0,0.879,0.5,1,29.98,3,0,4,1,0,0,0,3,0,0,0,0,Risk,1,1,Risk,0.0,0,3.9027530246532056e-08,0,0.0,0,41,5,12800,0.8328780487804877,0.03291272546365785,0.15,0.15,3.9027530246532056e-08,27,5,3597,-0.0213,9,158,68338,Slow Down Growth,MEDIUM,The latest model prediction classifies this IP as Risk.,Decrease growth rate and increase time gap. Avoid aggressive warm-up.,9,-0.0213,158.0,0.0,limit_usage_ratio,0.5,growth_rate,0.306,sent_ratio,0.121
138.226.244.76,s_cmh8_3617,2026-04-17 00:32:16,25809862,9000,9006,18000,58500,8500,500,0.0588235294117647,351460,17500,17500,8750.0,1.001,0.5,2,30.5,4,0,4,0,0,0,0,0,0,0,0,0,Safe,0,0,Safe,0.0,0,3.9027530246532056e-08,0,0.0,0,67,6,9000,0.9754029850746267,0.08726009222568942,0.01,0.01,3.9027530246532056e-08,15,1,4005,-0.0661,16,168,77106,Continue Sending,LOW,IP is currently inside the safe operating zone.,Continue current strategy with slow controlled growth.,16,-0.0661,168.0,0.0,limit_usage_ratio,0.5,growth_rate,0.098,dkim_error_probability,0.0
142.147.96.125,s_cmh8_3583,2026-04-17 00:32:16,25809862,9000,9006,18000,58500,8500,500,0.0588235294117647,368949,17500,17500,8750.0,1.001,0.5,2,30.5,4,0,4,0,0,0,0,0,0,0,0,0,Safe,0,0,Safe,0.0,0,3.9027530246532056e-08,0,0.0,0,72,6,9000,0.9754444444444444,0.09532572307260827,0.0,0.0,3.9027530246532056e-08,19,2,4006,-0.0661,16,168,77106,Continue Sending,LOW,IP is currently inside the safe operating zone.,Continue current strategy with slow controlled growth.,16,-0.0661,168.0,0.0,limit_usage_ratio,0.5,growth_rate,0.098,dkim_error_probability,0.0
138.226.244.77,s_cmh8_3617,2026-04-17 00:38:16,25810114,10000,10005,10000,76500,9500,500,0.0526315789473684,200187,19500,19500,9750.0,1.0,1.0,2,30.0,4,0,4,0,0,0,0,0,0,0,1,0,Risk,1,1,Risk,0.0,0,3.9027530246532056e-08,0,0.0,0,36,6,12800,0.7979166666666666,0.23899122102537035,0.01,0.01,3.9027530246532056e-08,16,7,3773,-0.0962,8,164,76028,Slow Down Growth,MEDIUM,The latest model prediction classifies this IP as Risk.,Decrease growth rate and increase time gap. Avoid aggressive warm-up.,8,-0.0962,164.0,0.0,limit_usage_ratio,1.0,growth_rate,0.0877,dkim_error_probability,0.0
138.226.244.75,s_cmh8_3617,2026-04-17 00:46:16,25810266,7000,7003,10500,86500,8000,-1000,-0.125,209886,15000,15000,7500.0,1.0,0.667,2,30.0,4,0,4,0,0,0,0,0,0,0,0,0,Safe,0,0,Safe,0.0,0,3.9027530246532056e-08,0,0.0,0,39,6,8000,0.7235128205128205,0.06984572601360574,0.01,0.01,3.9027530246532056e-08,15,11,3266,-0.0962,8,164,75993,Continue Sending,LOW,IP is currently inside the safe operating zone.,Continue current strategy with slow controlled growth.,8,-0.0962,164.0,0.0,limit_usage_ratio,0.667,growth_rate,0.2083,dkim_error_probability,0.0
138.226.244.74,s_cmh8_3617,2026-04-17 00:46:16,25810266,7000,7003,10500,86500,8000,-1000,-0.125,275562,15000,15000,7500.0,1.0,0.667,2,30.0,4,0,4,0,0,0,0,0,0,0,0,0,Safe,0,0,Safe,0.0,0,3.9027530246532056e-08,0,0.0,0,65,6,8080,0.9260307692307692,0.20141764077828614,0.01,0.01,3.9027530246532056e-08,18,4,3587,-0.0661,12,164,76850,Continue Sending,LOW,IP is currently inside the safe operating zone.,Continue current strategy with slow controlled growth.,12,-0.0661,164.0,0.0,limit_usage_ratio,0.667,growth_rate,0.2083,dkim_error_probability,0.0
142.147.96.123,s_cmh8_3583,2026-04-17 00:46:16,25810266,7000,7002,21000,86500,8000,-1000,-0.125,242634,15000,15000,7500.0,1.0,0.333,2,30.0,4,0,4,0,0,0,0,2,0,0,0,0,Risk,1,0,Safe,0.0,0,3.9027530246532056e-08,0,0.0,0,58,6,8080,0.9008275862068965,0.2190945658018857,0.0,0.0,3.989953809898281e-08,17,5,3601,-0.0661,11,164,76909,Continue Sending,LOW,IP is currently inside the safe operating zone.,Continue current strategy with slow controlled growth.,11,-0.0661,164.0,0.0,limit_usage_ratio,0.333,growth_rate,0.2083,dkim_error_probability,0.0
107.6.171.226,s_cmh2_6101,2026-04-17 00:56:16,25810440,10250,0,10250,6412,10250,0,0.0,97570,10250,10250,10250.0,0.0,1.0,1,424.0,3,0,4,1,0,0,0,0,0,0,1,1,Dangerous,2,2,Dangerous,0.0,0,3.9027530246532056e-08,0,0.0,0,9,5,21000,0.0025555555555555557,0.3882313184722732,0.0,0.0,0.0458076054056686,9,9,5489,-0.08,14,164,76844,Reduce Volume,HIGH,The latest model prediction classifies this IP as Dangerous.,"Reduce daily volume immediately, stop growth, and keep the IP stable until risk decreases.",15,-0.08,164.0,0.0,limit_usage_ratio,1.0,sent_ratio,1.0,dkim_error_probability,0.0
107.6.171.229,s_cmh2_6101,2026-04-17 00:56:16,25810440,10250,0,10250,6412,10250,0,0.0,81570,10250,10250,10250.0,0.0,1.0,1,424.0,3,0,4,1,1,0,0,0,0,0,1,1,Dangerous,2,2,Dangerous,0.0,0,3.9027530246532056e-08,0,0.0,0,8,5,21000,0.343375,0.2405234018388438,0.0,0.0,3.9027530246532056e-08,8,5,5436,-0.08,14,164,76844,Reduce Volume,HIGH,The latest model prediction classifies this IP as Dangerous.,"Reduce daily volume immediately, stop growth, and keep the IP stable until risk decreases.",15,-0.08,164.0,0.0,limit_usage_ratio,1.0,sent_ratio,1.0,dkim_error_probability,0.0
